site,wildtype,mutant,binding_mean,binding_std,times_seen_binding,effect,effect_std,times_seen_cell_entry,frac_models,mutant_type
71,Q,W,-0.4617,0.04465,3.5,-1.798,0.5702,5.286,1.0,Aromatic
72,N,C,-0.1466,0.2545,5.0,-2.373,0.2529,6.143,1.0,Special
72,N,P,-0.06762,0.2606,3.5,-3.496,0.0,7.857,1.0,Special
72,N,V,0.2764,0.6075,5.5,-2.632,0.07748,7.571,1.0,Hydrophobic
74,T,C,-0.5055,0.5803,4.5,-2.106,0.2775,7.857,1.0,Special
74,T,P,-0.1359,0.5802,2.5,-3.001,0.1244,4.857,1.0,Special
75,R,P,0.03626,0.0984,4.5,-1.821,0.3263,5.571,1.0,Special
76,S,R,-0.00971,0.2912,4.5,-1.857,0.4793,5.429,1.0,Positive
77,T,C,-0.3332,0.4163,3.583,-1.555,0.4222,6.714,1.0,Special
79,N,F,-0.4248,0.1041,4.5,-2.465,0.1751,5.429,1.0,Aromatic
79,N,L,0.2299,0.8658,3.0,-1.885,0.5627,5.286,1.0,Hydrophobic
79,N,W,0.261,0.8327,3.0,-3.221,0.0,6.286,1.0,Aromatic
80,Q,C,0.06609,0.4565,3.5,-1.925,0.4693,4.429,1.0,Special
80,Q,G,-0.3559,0.05762,5.0,-1.909,0.3796,6.143,1.0,Special
80,Q,K,-0.172,0.1225,4.0,-2.043,0.2395,7.286,1.0,Positive
80,Q,R,-0.1842,0.3776,3.5,-2.583,0.04274,9.286,1.0,Positive
81,A,C,0.03356,0.01818,5.5,-1.553,0.9066,7.143,1.0,Special
81,A,P,0.164,0.2093,4.0,-2.569,0.2287,5.429,1.0,Special
83,I,A,0.4813,0.8613,3.0,-1.862,0.6083,5.857,1.0,Hydrophobic
83,I,C,-0.03252,0.04047,4.5,-2.525,0.3496,6.714,1.0,Special
83,I,E,-0.3034,0.4241,3.0,-3.388,0.0,5.714,1.0,Negative
83,I,H,0.2566,0.3049,2.5,-2.42,0.1603,4.143,1.0,Positive
83,I,N,-0.08253,0.03344,3.5,-2.792,0.0,6.0,1.0,Hydrophilic
83,I,T,-0.08986,0.03484,4.0,-2.033,0.42,5.714,1.0,Hydrophilic
83,I,Y,-0.2313,0.3451,3.0,-2.827,0.0,5.429,1.0,Aromatic
85,D,C,0.08739,0.2647,9.0,-2.068,0.2331,11.14,1.0,Special
85,D,K,-0.1251,0.1675,5.0,-2.017,0.201,6.143,1.0,Positive
85,D,P,-0.09449,0.2928,2.5,-2.746,0.646,4.857,1.0,Special
85,D,R,-0.4164,0.6211,2.5,-2.69,0.0,4.429,1.0,Positive
85,D,W,-0.5985,0.5591,4.5,-2.052,0.3644,4.714,1.0,Aromatic
87,L,A,0.09175,0.4375,6.0,-2.396,0.3737,8.857,1.0,Hydrophobic
87,L,D,0.06388,0.0002704,3.5,-3.483,0.0,8.286,1.0,Negative
87,L,E,-1.501,1.942,3.5,-3.507,0.0,8.286,1.0,Negative
87,L,G,-0.07628,0.2307,3.0,-3.437,0.0,7.0,1.0,Special
87,L,H,-0.6306,0.7831,3.0,-3.04,0.0,6.143,1.0,Positive
87,L,N,0.7808,0.7017,3.0,-3.335,0.0,5.429,1.0,Hydrophilic
87,L,P,0.1153,0.1245,6.0,-3.302,0.0,12.57,1.0,Special
87,L,Q,-0.01026,0.1475,4.0,-1.906,0.7375,7.857,1.0,Hydrophilic
87,L,R,-0.352,0.8946,3.0,-3.445,0.0,5.714,1.0,Positive
87,L,S,-0.1973,0.1895,2.5,-3.415,0.0,8.0,1.0,Hydrophilic
88,Q,P,-0.1454,0.2111,2.5,-3.262,0.0,5.143,1.0,Special
89,G,W,0.3963,0.3422,2.5,-3.124,0.2389,5.571,1.0,Aromatic
90,I,A,-0.03494,0.1436,2.5,-2.18,0.1409,4.286,1.0,Hydrophobic
90,I,D,-0.1429,0.1606,3.0,-3.502,0.0,6.429,1.0,Negative
90,I,H,0.8617,0.8192,2.5,-2.054,0.7737,4.0,1.0,Positive
90,I,N,-0.3099,0.8936,3.5,-3.043,0.0,6.429,1.0,Hydrophilic
90,I,Q,0.0813,0.1647,3.5,-1.563,0.8216,4.571,1.0,Hydrophilic
90,I,T,0.2572,0.3494,6.0,-1.884,0.4348,7.286,1.0,Hydrophilic
90,I,W,-0.2955,0.1915,7.5,-2.889,0.0,12.86,1.0,Aromatic
90,I,Y,0.3908,0.09132,5.5,-2.974,0.0,7.286,1.0,Aromatic
91,Q,W,0.0646,0.1054,2.5,-3.231,0.0,5.286,1.0,Aromatic
92,Q,C,0.002361,0.8008,4.5,-2.394,0.3436,6.857,1.0,Special
93,Q,F,0.3785,0.3209,4.5,-2.096,0.3581,6.571,1.0,Aromatic
93,Q,W,0.1823,0.7217,4.5,-2.235,0.9937,6.286,1.0,Aromatic
94,I,A,-0.2544,0.3109,4.0,-2.459,0.05235,7.0,1.0,Hydrophobic
94,I,Q,0.4609,0.7008,3.5,-2.362,0.3004,3.286,1.0,Hydrophilic
94,I,S,-0.04771,0.3775,2.5,-2.256,0.663,3.286,1.0,Hydrophilic
94,I,T,-0.1312,0.4084,2.5,-2.118,0.9756,5.286,1.0,Hydrophilic
94,I,W,0.275,0.2681,4.0,-1.587,0.4687,5.714,1.0,Aromatic
94,I,Y,0.6468,0.3506,3.5,-2.577,0.1329,5.857,1.0,Aromatic
95,K,C,-0.02726,0.01768,3.5,-1.676,0.2899,5.571,1.0,Special
95,K,P,-0.5797,0.2813,3.0,-2.712,0.1596,5.143,1.0,Special
97,L,A,-0.5205,0.1712,3.0,-1.968,0.2291,5.571,1.0,Hydrophobic
97,L,C,-0.121,0.1358,4.0,-1.626,0.4994,5.429,1.0,Special
97,L,E,0.128,0.1591,3.5,-3.501,0.0,8.429,1.0,Negative
97,L,P,0.329,0.4583,5.5,-3.511,0.0,19.14,1.0,Special
97,L,Q,0.3366,0.1583,2.5,-2.312,0.1933,3.857,1.0,Hydrophilic
97,L,T,-0.2815,0.1365,4.5,-1.721,0.562,4.714,1.0,Hydrophilic
97,L,Y,0.241,0.7044,3.0,-1.78,0.9413,3.143,1.0,Aromatic
99,D,C,-0.6735,0.07985,3.5,-2.758,0.05518,6.714,1.0,Special
100,K,C,0.1699,0.2319,3.5,-3.078,0.0,6.143,1.0,Special
100,K,E,0.7467,0.09271,5.5,-3.285,0.0,12.14,1.0,Negative
100,K,G,0.2466,0.1689,5.0,-2.059,0.431,6.286,1.0,Special
100,K,H,0.1037,0.1133,3.0,-1.989,0.5078,4.714,1.0,Positive
100,K,L,-0.2262,0.1147,4.0,-2.197,0.3149,6.286,1.0,Hydrophobic
100,K,N,0.2236,0.08446,6.5,-2.106,0.1507,10.0,1.0,Hydrophilic
100,K,S,0.05432,0.2224,4.5,-1.877,0.2507,5.143,1.0,Hydrophilic
100,K,V,-0.1673,0.3318,4.5,-2.901,0.0,7.714,1.0,Hydrophobic
100,K,W,0.01901,0.1254,2.5,-3.478,0.0,8.0,1.0,Aromatic
101,I,N,-0.03435,0.03896,3.5,-3.306,0.0,10.71,1.0,Hydrophilic
102,G,C,0.1997,0.6439,2.5,-3.313,0.0,6.429,1.0,Special
102,G,D,0.06406,0.0122,10.0,-3.456,0.0,20.14,1.0,Negative
102,G,E,0.2966,0.3994,2.5,-2.302,0.9207,3.0,1.0,Negative
102,G,V,-0.1269,0.1274,7.5,-1.502,0.4212,9.714,1.0,Hydrophobic
103,T,D,0.1153,0.2481,4.0,-1.817,0.7945,4.429,1.0,Negative
103,T,E,0.07955,0.2387,5.5,-3.116,0.0,7.143,1.0,Negative
103,T,K,-0.1998,0.3357,3.0,-1.769,0.4929,4.0,1.0,Positive
104,E,F,-0.0916,0.3332,3.0,-2.64,0.4219,4.429,1.0,Aromatic
104,E,G,-0.1492,0.01244,3.5,-3.458,0.0,10.14,1.0,Special
104,E,K,0.1923,0.1839,5.0,-3.318,0.0,11.86,1.0,Positive
105,I,F,0.5598,0.687,4.0,-3.508,0.0,8.714,1.0,Aromatic
105,I,W,0.4755,1.35,2.5,-3.379,0.0,5.0,1.0,Aromatic
106,G,D,0.3677,0.3986,6.5,-3.549,0.0,17.57,1.0,Negative
106,G,E,-0.004674,0.2158,4.0,-2.88,0.0,5.571,1.0,Negative
106,G,F,0.1954,0.05569,3.0,-2.509,0.06784,5.143,1.0,Aromatic
106,G,M,-0.2146,0.1607,7.0,-1.697,0.3629,7.143,1.0,Hydrophobic
106,G,W,-0.1205,0.1388,5.0,-1.978,0.3968,7.429,1.0,Aromatic
107,P,A,-0.1971,0.2881,5.0,-3.293,0.0,7.429,1.0,Hydrophobic
107,P,L,0.271,0.2001,7.0,-3.53,0.0,24.0,1.0,Hydrophobic
107,P,S,0.3631,0.004146,5.5,-3.554,0.0,21.14,1.0,Hydrophilic
107,P,T,0.1324,0.1555,2.5,-3.539,0.0,11.71,1.0,Hydrophilic
108,K,A,1.29,1.909,3.0,-3.431,0.0,7.714,1.0,Hydrophobic
108,K,H,0.6357,1.57,3.0,-2.652,0.1033,4.857,1.0,Positive
108,K,I,0.6594,0.4258,2.5,-2.832,0.2222,3.571,1.0,Hydrophobic
108,K,L,0.2075,0.129,3.5,-2.382,0.4134,4.0,1.0,Hydrophobic
108,K,V,0.0001952,0.7603,2.5,-2.786,0.07257,5.143,1.0,Hydrophobic
110,S,D,0.5687,0.695,2.5,-1.736,0.3102,4.143,1.0,Negative
110,S,W,0.5227,0.4172,3.0,-2.976,0.08202,5.714,1.0,Aromatic
111,L,H,0.3714,0.6384,3.5,-3.018,0.0,5.571,1.0,Positive
111,L,M,-0.09458,0.6138,4.0,-1.956,0.4146,6.286,1.0,Hydrophobic
111,L,P,0.3522,0.8229,3.5,-3.564,0.0,16.14,1.0,Special
111,L,Y,-0.2377,0.09845,3.5,-2.986,0.0,4.857,1.0,Aromatic
113,D,A,0.2531,0.1366,6.5,-2.865,0.0,7.857,1.0,Hydrophobic
113,D,F,0.05676,0.198,4.5,-3.499,0.0,8.429,1.0,Aromatic
113,D,G,0.3288,0.3446,4.0,-3.027,0.0,8.286,1.0,Special
113,D,H,-0.1962,0.1228,3.5,-3.152,0.0,6.143,1.0,Positive
113,D,S,-0.008661,0.1738,3.5,-2.908,0.4634,5.143,1.0,Hydrophilic
113,D,W,0.5565,0.3864,3.0,-3.517,0.0,10.57,1.0,Aromatic
113,D,Y,-0.03655,0.1309,5.0,-3.516,0.0,12.71,1.0,Aromatic
114,T,E,0.566,0.2041,5.0,-1.867,0.3621,6.0,1.0,Negative
115,S,C,0.401,0.4721,2.5,-3.194,0.0,6.143,1.0,Special
115,S,E,0.3637,0.112,5.5,-2.236,0.3075,7.571,1.0,Negative
115,S,F,2.405,0.3644,2.5,-3.457,0.0,6.429,1.0,Aromatic
115,S,I,0.8723,0.2866,3.5,-3.562,0.0,11.57,1.0,Hydrophobic
115,S,K,0.8303,0.3188,2.5,-3.47,0.0,9.429,1.0,Positive
115,S,R,0.4371,0.05924,4.5,-3.511,0.0,10.29,1.0,Positive
116,S,F,-0.1863,0.01756,11.0,-2.393,0.1114,16.71,1.0,Aromatic
116,S,Y,0.2024,0.9917,3.0,-3.095,0.0,5.571,1.0,Aromatic
117,T,E,0.1069,0.2074,3.0,-2.029,0.161,4.0,1.0,Negative
117,T,I,0.182,0.2052,7.0,-3.586,0.0,19.43,1.0,Hydrophobic
118,I,N,0.44,0.8673,3.5,-3.329,0.0,7.429,1.0,Hydrophilic
119,T,D,-0.007679,0.6954,4.5,-2.835,0.0,7.857,1.0,Negative
119,T,E,0.154,0.1022,5.0,-2.513,0.02343,6.714,1.0,Negative
119,T,K,0.5427,0.09231,5.0,-2.051,0.2665,7.143,1.0,Positive
121,P,L,0.1287,0.2547,2.5,-3.582,0.0,19.29,1.0,Hydrophobic
122,A,E,0.2448,0.01249,4.5,-3.363,0.0,9.286,1.0,Negative
122,A,H,0.2278,0.2432,5.0,-3.172,0.0,7.429,1.0,Positive
122,A,N,0.1054,0.06438,3.5,-2.783,0.1756,5.0,1.0,Hydrophilic
122,A,R,0.2734,0.09906,2.5,-3.493,0.0,6.143,1.0,Positive
123,N,W,0.5752,0.2737,3.5,-1.831,0.9513,4.714,1.0,Aromatic
124,I,Q,0.553,0.4177,4.5,-2.649,0.008315,6.143,1.0,Hydrophilic
125,G,C,-0.4677,0.5746,2.5,-3.522,0.0,13.14,1.0,Special
125,G,D,0.628,0.6534,5.0,-3.54,0.0,17.14,1.0,Negative
125,G,E,-0.03505,0.1803,2.5,-3.446,0.0,6.429,1.0,Negative
125,G,H,0.2958,0.5673,6.0,-1.914,0.774,7.429,1.0,Positive
125,G,K,0.152,0.2646,4.5,-2.447,0.3037,5.714,1.0,Positive
125,G,L,0.3055,0.1153,3.5,-3.463,0.0,6.857,1.0,Hydrophobic
125,G,N,0.1927,0.04932,6.5,-2.482,0.2373,8.714,1.0,Hydrophilic
125,G,S,0.1176,0.6453,3.5,-3.474,0.0,15.14,1.0,Hydrophilic
125,G,V,1.334,0.8571,3.5,-3.527,0.0,12.71,1.0,Hydrophobic
125,G,W,0.1855,0.2253,3.0,-3.202,0.0,6.286,1.0,Aromatic
125,G,Y,0.502,0.5666,2.5,-3.113,0.0,4.429,1.0,Aromatic
126,L,A,0.4137,0.2108,3.0,-3.216,0.0,5.286,1.0,Hydrophobic
126,L,H,0.3933,0.2493,6.0,-3.275,0.0,7.286,1.0,Positive
126,L,Q,0.1882,0.3087,3.0,-2.246,0.7491,5.0,1.0,Hydrophilic
126,L,R,0.5668,0.5096,2.5,-3.427,0.0,9.0,1.0,Positive
126,L,S,0.07236,0.4017,2.5,-3.442,0.0,5.714,1.0,Hydrophilic
126,L,W,-0.06647,0.05268,3.0,-2.267,0.06312,5.571,1.0,Aromatic
126,L,Y,-0.09017,0.4776,2.5,-1.665,0.7563,3.571,1.0,Aromatic
128,G,D,0.4283,0.4407,2.5,-3.205,0.0,4.857,1.0,Negative
128,G,E,0.1811,0.01198,6.5,-3.519,0.0,22.86,1.0,Negative
128,G,K,0.6071,0.8113,4.0,-3.04,0.0,4.429,1.0,Positive
128,G,L,0.8443,0.9747,3.0,-2.751,0.02003,5.286,1.0,Hydrophobic
128,G,Q,0.3716,0.4229,4.5,-1.833,0.6627,5.714,1.0,Hydrophilic
128,G,R,0.4254,0.3219,10.0,-3.165,0.0,17.86,1.0,Positive
128,G,T,0.2288,0.1313,2.5,-1.511,0.4388,3.143,1.0,Hydrophilic
128,G,V,0.2545,0.179,8.0,-2.042,0.3247,8.857,1.0,Hydrophobic
128,G,W,0.4017,0.1747,6.5,-1.508,0.5854,6.571,1.0,Aromatic
129,S,F,0.6094,0.07713,11.0,-1.935,0.4083,16.43,1.0,Aromatic
129,S,H,0.1473,0.1593,3.5,-1.729,0.4943,5.143,1.0,Positive
129,S,L,0.4086,0.1477,4.0,-1.56,0.7732,4.714,1.0,Hydrophobic
129,S,W,0.5059,0.374,3.5,-1.583,0.4363,3.857,1.0,Aromatic
130,K,A,-0.07766,0.3753,3.5,-3.218,0.0,10.0,1.0,Hydrophobic
130,K,Q,0.2359,0.07023,7.5,-1.76,0.4174,7.143,1.0,Hydrophilic
130,K,S,0.04998,0.1593,3.5,-3.217,0.0,6.286,1.0,Hydrophilic
130,K,T,0.1341,0.003703,4.0,-2.033,0.5724,5.0,1.0,Hydrophilic
130,K,V,0.2416,0.4048,4.5,-1.67,0.4001,4.571,1.0,Hydrophobic
131,I,F,0.848,0.1216,3.0,-1.808,0.9632,5.571,1.0,Aromatic
132,S,D,-0.1556,0.4654,5.5,-2.52,0.08958,7.143,1.0,Negative
132,S,E,0.4328,0.3713,3.5,-3.142,0.0,6.286,1.0,Negative
132,S,N,-0.268,0.03388,2.5,-3.554,0.0,16.14,1.0,Hydrophilic
133,Q,G,0.03435,0.1776,5.0,-1.893,0.3092,7.857,1.0,Special
134,S,D,0.3766,0.1252,2.5,-2.23,0.2889,4.143,1.0,Negative
134,S,P,-0.04564,0.03697,2.5,-3.418,0.0,7.857,1.0,Special
135,T,G,0.9488,0.898,2.5,-3.477,0.0,6.571,1.0,Special
135,T,K,0.9972,1.413,3.5,-2.392,0.5568,4.571,1.0,Positive
135,T,R,0.1824,0.5077,5.0,-2.137,0.272,8.571,1.0,Positive
136,A,C,1.16,1.123,3.5,-3.543,0.0,6.571,1.0,Special
137,S,C,0.3638,0.5402,3.0,-3.497,0.0,7.714,1.0,Special
137,S,P,0.1594,0.1795,2.5,-3.565,0.0,11.57,1.0,Special
138,I,M,0.4304,0.2821,3.5,-1.763,0.4402,5.714,1.0,Hydrophobic
141,N,E,0.8981,0.3857,4.5,-2.393,0.06299,5.857,1.0,Negative
141,N,G,1.208,0.2208,3.0,-2.377,0.2799,4.143,1.0,Special
141,N,S,-0.09574,0.1735,2.5,-3.075,0.4165,5.143,1.0,Hydrophilic
142,V,A,0.07342,1.06,3.0,-3.444,0.0,8.0,1.0,Hydrophobic
142,V,C,0.7494,0.5541,5.0,-2.211,0.1097,7.143,1.0,Special
143,N,Y,0.5838,0.5658,3.5,-1.512,0.5986,6.143,1.0,Aromatic
145,K,F,0.3183,0.212,5.0,-2.122,0.1194,8.0,1.0,Aromatic
145,K,S,0.00239,0.219,3.0,-2.635,0.08737,6.429,1.0,Hydrophilic
145,K,T,0.1533,0.1157,4.0,-3.371,0.0,7.857,1.0,Hydrophilic
146,C,Y,0.7826,1.111,4.5,-3.472,0.0,10.71,1.0,Aromatic
147,K,C,-0.1626,0.2643,3.0,-3.522,0.0,6.143,1.0,Special
147,K,E,0.1854,0.06939,8.0,-2.49,0.1274,16.43,1.0,Negative
147,K,P,0.04249,0.387,6.0,-2.355,0.104,9.0,1.0,Special
147,K,W,-0.2131,0.05753,3.0,-2.275,0.9972,3.571,1.0,Aromatic
150,L,D,0.138,0.1365,4.5,-2.208,0.5771,5.857,1.0,Negative
150,L,E,0.2284,0.2207,4.5,-2.118,0.2619,6.0,1.0,Negative
151,P,E,0.05234,0.08489,3.0,-2.05,0.1631,4.571,1.0,Negative
151,P,I,-0.319,0.1002,2.5,-1.844,0.3552,2.571,1.0,Hydrophobic
151,P,L,-0.2149,0.2793,7.5,-1.964,0.3441,14.43,1.0,Hydrophobic
151,P,N,0.4426,0.7447,3.0,-1.853,0.4854,5.286,1.0,Hydrophilic
151,P,S,-0.1574,0.08291,11.5,-1.544,0.4195,17.57,1.0,Hydrophilic
151,P,W,0.1282,0.2304,5.5,-2.145,0.1005,7.143,1.0,Aromatic
151,P,Y,-0.1694,0.0404,4.5,-1.503,0.5156,6.0,1.0,Aromatic
153,L,C,-0.3078,0.09366,2.5,-1.911,0.991,4.0,1.0,Special
153,L,E,0.04825,0.07309,2.5,-3.531,0.0,8.714,1.0,Negative
153,L,N,0.3243,0.2304,2.5,-3.345,0.0,6.429,1.0,Hydrophilic
153,L,P,0.616,0.3322,7.5,-3.422,0.0,12.57,1.0,Special
153,L,Q,-0.08656,0.1289,2.5,-2.365,0.5326,3.857,1.0,Hydrophilic
153,L,S,-0.08236,0.04695,3.5,-3.307,0.0,4.286,1.0,Hydrophilic
153,L,W,-0.1098,0.3842,3.0,-2.005,0.4727,4.143,1.0,Aromatic
154,K,C,0.01344,0.5395,3.5,-3.373,0.0,8.0,1.0,Special
154,K,W,0.093,0.04037,5.0,-2.481,0.3259,5.714,1.0,Aromatic
156,H,C,0.108,0.1153,4.0,-3.075,0.0,6.857,1.0,Special
156,H,L,1.591,0.7572,2.5,-2.33,0.7336,4.0,1.0,Hydrophobic
156,H,M,0.7108,1.047,2.5,-2.166,0.4311,6.714,1.0,Hydrophobic
156,H,R,0.6132,0.2544,6.0,-2.862,0.0,8.429,1.0,Positive
156,H,W,0.1478,0.1536,3.0,-3.051,0.0,5.143,1.0,Aromatic
156,H,Y,0.02408,0.07716,8.0,-3.395,0.0,18.57,1.0,Aromatic
157,E,A,-0.1861,0.07539,2.5,-1.516,0.9507,3.857,1.0,Hydrophobic
157,E,G,1.855,1.448,4.5,-3.439,0.0,11.14,1.0,Special
157,E,I,0.03189,0.2778,2.5,-2.294,0.664,3.143,1.0,Hydrophobic
157,E,K,0.2596,0.3423,13.0,-2.808,0.0,23.43,1.0,Positive
157,E,N,0.4204,0.4652,4.5,-1.974,0.3872,5.286,1.0,Hydrophilic
157,E,R,-0.1941,0.04787,7.0,-2.018,0.3903,7.714,1.0,Positive
157,E,S,0.3636,0.4333,4.0,-2.28,0.135,5.286,1.0,Hydrophilic
157,E,V,0.4466,0.04605,3.0,-2.782,0.0,5.286,1.0,Hydrophobic
157,E,W,1.247,0.6676,4.5,-3.255,0.0,6.429,1.0,Aromatic
158,C,Y,0.459,0.2933,4.5,-3.561,0.0,13.57,1.0,Aromatic
159,N,A,-0.064,0.06603,5.0,-1.513,0.3198,6.571,1.0,Hydrophobic
159,N,F,0.7521,0.06478,2.5,-2.911,0.003024,4.286,1.0,Aromatic
159,N,H,0.1156,0.1731,3.5,-1.804,0.2316,4.714,1.0,Positive
159,N,K,0.5164,0.0521,5.0,-3.456,0.0,8.571,1.0,Positive
159,N,Q,0.3455,0.4768,3.0,-1.785,0.6071,3.714,1.0,Hydrophilic
159,N,V,0.2413,0.1881,4.0,-2.114,0.5103,5.857,1.0,Hydrophobic
160,I,C,0.1687,0.4079,2.5,-3.128,0.0,4.571,1.0,Special
161,S,C,0.3371,0.2336,2.5,-1.681,0.8956,4.571,1.0,Special
161,S,G,0.4766,0.5124,3.0,-2.856,0.0,5.286,1.0,Special
161,S,W,0.4618,0.7681,5.5,-2.026,0.2813,7.429,1.0,Aromatic
162,C,I,0.603,0.5814,3.0,-3.468,0.0,8.857,1.0,Hydrophobic
162,C,L,0.2879,0.3613,4.5,-3.362,0.0,7.571,1.0,Hydrophobic
162,C,M,0.2048,0.2102,2.5,-3.212,0.07862,6.714,1.0,Hydrophobic
162,C,P,0.3881,0.3519,2.5,-3.47,0.0,6.429,1.0,Special
162,C,S,-0.006029,0.07654,2.5,-3.525,0.0,8.286,1.0,Hydrophilic
162,C,Y,0.4697,0.6918,3.5,-3.562,0.0,12.14,1.0,Aromatic
163,P,L,0.2882,0.05108,9.0,-2.333,0.1994,15.14,1.0,Hydrophobic
163,P,M,0.0468,0.3314,3.0,-1.676,0.8995,4.0,1.0,Hydrophobic
163,P,S,0.1205,0.0484,13.0,-1.935,0.2752,17.86,1.0,Hydrophilic
163,P,T,0.02655,0.2807,4.0,-2.112,0.8074,5.286,1.0,Hydrophilic
163,P,V,0.02925,0.002423,2.5,-2.507,0.06652,2.571,1.0,Hydrophobic
163,P,W,-0.2532,0.7331,3.0,-3.406,0.0,5.429,1.0,Aromatic
164,N,W,0.243,0.9456,2.5,-2.224,0.2127,4.0,1.0,Aromatic
168,F,C,0.06763,0.07031,3.5,-1.779,0.4355,4.0,1.0,Special
169,R,C,0.2961,0.4234,8.0,-3.559,0.0,23.71,1.0,Special
171,Y,C,0.7991,1.456,3.5,-3.463,0.0,9.143,1.0,Special
173,P,C,0.006195,0.02559,3.5,-2.905,0.0,7.714,1.0,Special
174,Q,C,0.1266,0.1418,3.0,-2.992,0.6795,6.286,1.0,Special
175,T,C,-0.04732,0.2606,4.0,-1.762,0.6196,5.143,1.0,Special
201,K,D,0.0474,0.1958,3.5,-2.469,0.1778,4.286,1.0,Negative
202,L,C,0.06003,0.007562,3.5,-1.808,0.4616,5.143,1.0,Special
202,L,D,-0.389,0.4776,5.5,-1.795,0.3927,7.0,1.0,Negative
202,L,E,-0.4545,0.05793,6.5,-2.278,0.1551,9.857,1.0,Negative
203,I,C,0.1035,0.2778,4.5,-2.427,0.3234,6.286,1.0,Special
203,I,E,0.3679,0.04462,4.5,-1.916,0.3594,4.429,1.0,Negative
203,I,F,0.02628,0.1514,4.0,-1.687,0.3978,5.714,1.0,Aromatic
203,I,H,0.1027,0.2981,5.5,-1.75,0.4316,7.714,1.0,Positive
203,I,K,-0.0167,0.08359,3.5,-2.573,0.0,5.429,1.0,Positive
203,I,P,0.1409,0.1552,3.5,-3.005,0.04762,5.286,1.0,Special
203,I,Q,0.6293,0.3468,5.5,-1.76,0.3976,5.286,1.0,Hydrophilic
203,I,R,-0.0797,0.687,3.0,-2.348,0.2192,6.286,1.0,Positive
203,I,S,0.3704,0.07216,5.5,-1.65,0.4304,6.143,1.0,Hydrophilic
203,I,W,0.1001,0.09615,3.5,-2.2,0.5486,4.857,1.0,Aromatic
203,I,Y,-0.4698,0.3123,3.0,-2.874,0.1478,5.0,1.0,Aromatic
204,S,K,0.09979,0.3449,3.5,-2.102,0.5011,5.429,1.0,Positive
204,S,R,0.08064,0.01877,6.5,-1.741,0.3395,7.0,1.0,Positive
205,Y,C,0.3526,0.2792,6.5,-3.284,0.0,9.429,1.0,Special
205,Y,D,0.5237,0.001853,3.5,-2.7,0.3727,6.286,1.0,Negative
205,Y,E,0.5437,0.6018,6.0,-2.602,0.1202,8.857,1.0,Negative
205,Y,F,0.5122,0.3673,5.0,-1.628,0.3956,6.0,1.0,Aromatic
205,Y,I,0.001254,0.0563,4.5,-2.763,0.04762,6.571,1.0,Hydrophobic
205,Y,K,-0.07879,0.4619,3.5,-2.775,0.7179,5.571,1.0,Positive
205,Y,L,0.2244,0.1243,6.0,-2.897,0.0,8.286,1.0,Hydrophobic
205,Y,N,0.5736,0.5638,4.5,-1.984,0.5542,7.429,1.0,Hydrophilic
205,Y,P,0.1382,0.5959,5.5,-1.729,0.3753,7.0,1.0,Special
205,Y,Q,0.3441,0.2414,4.5,-2.288,0.9147,5.429,1.0,Hydrophilic
205,Y,R,-0.07206,0.2201,2.5,-3.252,0.0,5.0,1.0,Positive
205,Y,S,-0.3403,0.4476,3.5,-1.538,0.365,5.143,1.0,Hydrophilic
206,T,D,-0.01757,0.637,4.0,-1.576,0.385,6.429,1.0,Negative
206,T,E,0.5984,0.02673,4.0,-2.502,0.0,5.571,1.0,Negative
206,T,I,0.6102,0.03881,9.5,-1.999,0.258,12.86,1.0,Hydrophobic
206,T,R,1.426,1.929,2.5,-2.872,0.0,4.571,1.0,Positive
206,T,V,0.4689,0.05254,2.5,-1.82,0.4466,5.143,1.0,Hydrophobic
207,L,A,0.4948,0.5728,3.5,-1.918,0.4265,4.571,1.0,Hydrophobic
207,L,D,0.6413,0.6533,4.5,-2.909,0.02986,7.0,1.0,Negative
207,L,E,0.2827,0.3534,2.5,-2.942,0.0,5.429,1.0,Negative
207,L,N,0.1262,0.08893,3.5,-1.72,0.8909,3.714,1.0,Hydrophilic
207,L,P,0.2715,0.1587,4.5,-2.783,0.07673,8.857,1.0,Special
207,L,R,0.2428,0.05272,5.5,-1.849,0.3212,7.0,1.0,Positive
207,L,S,0.4741,0.1132,5.5,-2.019,0.4036,6.286,1.0,Hydrophilic
207,L,W,0.306,0.06875,4.5,-1.945,0.3466,5.286,1.0,Aromatic
207,L,Y,0.5525,0.3149,5.0,-2.141,0.2719,7.286,1.0,Aromatic
208,P,E,0.1954,0.266,2.5,-3.066,0.0,4.429,1.0,Negative
208,P,G,0.4098,0.04865,6.5,-1.539,0.4321,8.857,1.0,Special
208,P,K,0.9467,0.3543,4.0,-1.911,0.4878,6.286,1.0,Positive
208,P,L,0.3384,0.3283,7.5,-1.837,0.728,13.43,1.0,Hydrophobic
208,P,V,0.4298,0.8443,2.5,-1.524,0.655,3.571,1.0,Hydrophobic
209,V,C,0.3685,0.03565,3.5,-2.327,0.209,4.429,1.0,Special
210,V,C,0.1685,0.245,2.5,-2.411,0.2729,3.286,1.0,Special
215,T,P,0.5851,0.7705,3.0,-2.65,0.3939,5.286,1.0,Special
216,C,A,0.1398,0.6578,2.5,-3.394,0.0,5.143,1.0,Hydrophobic
216,C,F,1.047,1.406,3.5,-3.527,0.0,9.143,1.0,Aromatic
216,C,G,0.8726,0.1268,6.5,-2.548,0.8881,9.714,1.0,Special
216,C,K,-0.1116,0.1344,2.5,-3.396,0.0,5.714,1.0,Positive
216,C,M,0.2086,1.072,3.5,-3.205,0.0,7.429,1.0,Hydrophobic
216,C,N,0.1882,0.2038,2.5,-3.104,0.0,4.714,1.0,Hydrophilic
216,C,R,0.07178,0.2725,2.5,-3.503,0.0,9.714,1.0,Positive
216,C,S,0.7261,1.153,4.0,-2.964,0.0,7.143,1.0,Hydrophilic
216,C,Y,-0.006181,0.4827,5.5,-3.49,0.0,17.29,1.0,Aromatic
217,I,D,-0.1724,0.1309,4.5,-1.557,0.3057,7.286,1.0,Negative
217,I,G,0.657,0.383,7.5,-2.108,0.1802,9.286,1.0,Special
218,T,E,-0.4687,1.274,2.5,-3.15,0.0,4.571,1.0,Negative
218,T,I,-0.08209,1.471,7.5,-2.204,0.2668,16.0,1.0,Hydrophobic
218,T,K,-0.1873,0.5082,3.5,-2.904,0.1191,6.857,1.0,Positive
218,T,V,-0.7723,0.4746,6.0,-1.699,0.5261,7.571,1.0,Hydrophobic
219,D,F,-0.5688,0.8851,6.0,-1.669,0.9661,8.714,1.0,Aromatic
219,D,I,-0.2918,0.2257,6.0,-1.711,0.2488,7.286,1.0,Hydrophobic
219,D,W,0.1104,1.621,3.0,-1.866,0.4632,4.571,1.0,Aromatic
220,P,A,-0.03713,0.064,2.5,-1.894,0.2328,4.714,1.0,Hydrophobic
220,P,C,0.05484,0.06528,5.0,-2.839,0.6639,7.286,1.0,Special
220,P,H,-0.6506,0.02233,4.5,-2.979,0.0,11.86,1.0,Positive
220,P,S,-0.104,0.1559,4.0,-3.546,0.0,12.14,1.0,Hydrophilic
220,P,W,-0.3813,0.09421,4.0,-2.637,0.3666,5.857,1.0,Aromatic
221,L,P,0.1655,0.2577,2.5,-3.411,0.0,5.571,1.0,Special
222,L,P,0.1557,0.455,3.5,-3.38,0.0,6.571,1.0,Special
223,A,D,-0.2311,0.7295,4.5,-1.763,0.3514,7.714,1.0,Negative
223,A,L,-0.1824,0.06405,4.0,-2.101,0.6433,4.571,1.0,Hydrophobic
228,Y,I,0.02006,0.3055,3.5,-2.334,0.4061,5.571,1.0,Hydrophobic
229,F,L,-0.1353,0.0948,5.0,-3.125,0.0,8.429,1.0,Hydrophobic
229,F,N,-0.001584,0.1807,3.5,-3.011,0.06841,5.429,1.0,Hydrophilic
229,F,R,0.06826,0.03635,3.0,-3.313,0.0,6.0,1.0,Positive
229,F,S,-0.3489,0.5162,3.0,-3.437,0.0,7.429,1.0,Hydrophilic
230,A,E,0.2246,0.1502,4.5,-3.401,0.0,10.29,1.0,Negative
230,A,K,0.1696,0.2697,3.0,-3.275,0.0,5.143,1.0,Positive
230,A,N,0.02904,0.473,2.5,-2.761,0.2695,5.286,1.0,Hydrophilic
231,Y,A,0.4349,0.7212,5.0,-2.088,0.3094,7.857,1.0,Hydrophobic
231,Y,C,-0.2531,0.2767,4.0,-2.665,0.0,8.714,1.0,Special
231,Y,I,0.4062,0.3349,4.0,-1.909,0.3448,5.571,1.0,Hydrophobic
231,Y,L,0.6207,0.0756,4.0,-1.6,0.5572,5.286,1.0,Hydrophobic
231,Y,N,0.04678,0.1471,3.0,-3.465,0.0,7.857,1.0,Hydrophilic
231,Y,Q,0.1437,0.1384,2.5,-2.595,0.07106,5.286,1.0,Hydrophilic
231,Y,S,0.6705,1.511,3.0,-2.382,0.1047,3.286,1.0,Hydrophilic
232,S,E,0.4564,0.3733,2.5,-3.323,0.0,6.571,1.0,Negative
232,S,F,0.259,0.363,6.0,-3.214,0.0,8.429,1.0,Aromatic
232,S,P,1.019,0.9264,3.5,-3.312,0.0,6.143,1.0,Special
232,S,Y,-0.1287,0.3188,3.0,-3.069,0.0,6.143,1.0,Aromatic
233,H,C,0.7785,1.082,3.5,-1.721,0.3822,4.857,1.0,Special
233,H,D,0.7499,0.4939,4.0,-2.405,0.2772,5.143,1.0,Negative
233,H,F,0.1618,0.09127,3.0,-2.86,0.0,4.714,1.0,Aromatic
233,H,I,0.8053,0.79,4.0,-2.013,0.3356,6.571,1.0,Hydrophobic
233,H,L,0.217,0.5656,3.0,-2.219,0.4983,4.143,1.0,Hydrophobic
233,H,N,0.4748,0.6192,8.5,-2.501,0.1954,11.14,1.0,Hydrophilic
233,H,R,-0.5676,0.467,4.5,-2.117,0.3716,6.857,1.0,Positive
233,H,V,0.9937,0.1824,3.0,-1.761,0.7619,4.857,1.0,Hydrophobic
233,H,W,0.5315,0.2265,4.0,-1.766,0.4374,5.714,1.0,Aromatic
233,H,Y,0.04192,0.4432,7.5,-2.241,0.4109,13.86,1.0,Aromatic
234,L,E,-0.8947,0.6176,2.5,-2.053,0.8909,4.429,1.0,Negative
234,L,F,-0.03933,0.0426,2.5,-2.618,0.01361,4.714,1.0,Aromatic
235,E,P,0.4129,0.4422,2.5,-3.244,0.0,5.571,1.0,Special
235,E,R,-0.07377,0.03018,7.0,-1.746,0.2861,7.571,1.0,Positive
235,E,S,-0.7517,0.6141,3.5,-2.869,0.0,7.143,1.0,Hydrophilic
236,R,A,0.02944,0.001956,2.5,-3.428,0.0,5.857,1.0,Hydrophobic
236,R,C,-0.299,0.2318,2.5,-3.316,0.0,16.29,1.0,Special
236,R,H,-0.08674,0.3177,8.0,-3.531,0.0,27.0,1.0,Positive
236,R,L,-0.6745,0.9891,6.5,-3.36,0.0,15.0,1.0,Hydrophobic
236,R,Q,-0.1829,0.5363,2.5,-3.392,0.0,5.143,1.0,Hydrophilic
236,R,S,-0.5722,0.3773,4.5,-3.51,0.0,9.286,1.0,Hydrophilic
236,R,V,-0.4665,0.3502,7.0,-1.915,0.391,9.714,1.0,Hydrophobic
236,R,W,0.4855,0.5995,3.5,-3.259,0.0,9.0,1.0,Aromatic
237,I,P,-0.3999,0.461,3.0,-2.541,0.6707,5.143,1.0,Special
239,S,C,-1.705,1.147,2.5,-3.34,0.0,6.714,1.0,Special
239,S,N,0.04483,0.2929,3.5,-3.152,0.0,5.857,1.0,Hydrophilic
239,S,V,-0.4601,1.634,3.5,-2.192,0.2613,5.571,1.0,Hydrophobic
240,C,E,0.1361,0.1309,3.0,-2.788,0.6945,6.143,1.0,Negative
240,C,F,1.641,1.334,3.5,-2.964,0.931,6.714,1.0,Aromatic
240,C,G,0.2856,0.2604,3.0,-3.225,0.0,6.571,1.0,Special
240,C,P,-0.397,0.7444,2.5,-2.731,0.5048,5.143,1.0,Special
240,C,R,0.04051,0.4314,5.0,-3.339,0.0,9.286,1.0,Positive
240,C,Y,0.08522,0.9417,3.0,-3.475,0.0,12.14,1.0,Aromatic
241,S,E,1.032,0.4734,3.0,-2.971,0.0,6.429,1.0,Negative
242,R,P,-0.7852,0.1186,2.5,-3.381,0.0,4.857,1.0,Special
243,G,C,1.667,0.4247,2.5,-3.366,0.0,5.857,1.0,Special
243,G,D,-0.03763,0.008531,2.5,-3.365,0.0,6.286,1.0,Negative
243,G,E,-0.00413,0.224,7.5,-3.49,0.0,20.29,1.0,Negative
243,G,F,-0.6134,0.5314,3.5,-3.381,0.0,6.714,1.0,Aromatic
243,G,H,-0.4093,0.1981,3.0,-2.787,0.1051,6.571,1.0,Positive
243,G,K,-0.6751,1.097,4.5,-2.63,0.2903,8.571,1.0,Positive
243,G,L,-0.1582,1.332,2.5,-2.474,0.495,4.143,1.0,Hydrophobic
243,G,N,0.7416,1.02,2.5,-3.415,0.0,5.0,1.0,Hydrophilic
243,G,P,-0.6515,0.8438,4.5,-2.761,0.02948,6.143,1.0,Special
243,G,R,-0.5377,0.5476,10.0,-2.524,0.0,17.43,1.0,Positive
243,G,V,0.06826,0.9834,8.0,-2.796,0.0824,11.86,1.0,Hydrophobic
243,G,W,-0.08638,0.08777,3.0,-3.448,0.0,9.286,1.0,Aromatic
244,V,D,-0.04021,0.4118,4.5,-2.812,0.0,6.571,1.0,Negative
244,V,E,0.257,0.3611,6.0,-2.023,0.1775,10.29,1.0,Negative
244,V,K,0.3353,0.3782,3.5,-1.738,0.4268,4.429,1.0,Positive
244,V,R,0.9016,0.7494,4.5,-1.757,0.3195,5.714,1.0,Positive
246,K,E,-0.6385,1.094,4.0,-2.27,0.5864,8.571,1.0,Negative
246,K,H,-0.05233,0.6948,3.5,-1.504,0.6319,5.143,1.0,Positive
246,K,W,-0.05791,0.05318,3.0,-2.166,0.3876,4.714,1.0,Aromatic
247,Q,P,-0.1441,1.039,4.0,-1.632,0.8111,4.286,1.0,Special
248,R,A,-0.3216,0.06518,2.5,-1.944,0.5963,4.286,1.0,Hydrophobic
248,R,C,-0.8043,0.9522,10.5,-2.721,0.000378,15.71,1.0,Special
248,R,E,-1.17,0.4715,3.0,-3.267,0.0,6.857,1.0,Negative
248,R,G,-0.8652,0.3841,4.5,-1.623,0.6092,6.571,1.0,Special
248,R,N,-0.9898,0.4287,3.5,-1.962,0.3207,4.429,1.0,Hydrophilic
249,I,C,0.1516,0.1758,3.5,-1.818,0.5015,6.429,1.0,Special
249,I,E,0.6369,0.7592,3.5,-2.82,0.0,6.286,1.0,Negative
249,I,N,0.1812,0.3744,4.0,-2.011,0.3253,4.429,1.0,Hydrophilic
250,I,A,0.04283,0.2983,5.5,-1.819,0.632,6.714,1.0,Hydrophobic
250,I,G,-0.3907,0.6986,4.0,-2.714,0.1028,5.143,1.0,Special
250,I,H,-0.1348,0.23,3.5,-2.045,0.2625,5.857,1.0,Positive
250,I,K,0.3911,0.5096,2.5,-3.175,0.0,5.857,1.0,Positive
250,I,R,-0.9269,1.189,2.5,-3.185,0.0,5.143,1.0,Positive
251,G,E,-0.07842,0.1579,2.5,-1.922,0.2539,4.143,1.0,Negative
251,G,K,0.008466,0.5065,2.5,-1.681,0.8663,3.571,1.0,Positive
251,G,N,-0.05774,0.1582,4.0,-2.047,0.4201,5.857,1.0,Hydrophilic
251,G,R,0.01378,0.2219,4.0,-2.366,0.2609,6.857,1.0,Positive
251,G,W,0.7761,0.6895,3.5,-1.836,0.495,6.286,1.0,Aromatic
251,G,Y,0.8468,0.3922,4.0,-1.62,0.474,5.0,1.0,Aromatic
252,V,L,-0.3769,0.4382,4.5,-1.506,0.8108,6.571,1.0,Hydrophobic
252,V,Y,-0.01488,0.5594,2.5,-3.229,0.0,6.571,1.0,Aromatic
253,G,C,0.08067,1.229,2.5,-3.202,0.0,8.429,1.0,Special
253,G,D,0.5861,0.3333,7.5,-3.333,0.0,14.57,1.0,Negative
253,G,H,-0.1307,0.4086,2.5,-3.233,0.0,5.0,1.0,Positive
253,G,R,0.08544,0.766,2.5,-3.018,0.6288,4.286,1.0,Positive
253,G,S,1.008,1.32,3.5,-3.455,0.0,12.57,1.0,Hydrophilic
253,G,V,0.7541,0.9085,5.0,-3.351,0.0,12.57,1.0,Hydrophobic
253,G,Y,0.4766,0.2477,2.5,-3.243,0.0,5.429,1.0,Aromatic
254,E,K,0.2078,0.128,9.0,-2.221,0.1077,13.71,1.0,Positive
254,E,P,0.2559,0.1647,8.5,-1.964,0.4069,10.0,1.0,Special
254,E,R,0.2935,0.184,5.0,-1.976,0.2121,6.286,1.0,Positive
254,E,V,0.5367,0.1241,8.0,-1.708,0.2921,8.857,1.0,Hydrophobic
255,V,Q,-0.03622,0.07516,2.5,-2.762,0.618,5.857,1.0,Hydrophilic
255,V,R,-0.3141,0.07397,2.5,-2.756,0.8735,5.0,1.0,Positive
255,V,W,0.4253,0.2919,3.0,-1.734,0.5877,3.571,1.0,Aromatic
256,L,E,0.5983,0.337,7.0,-2.649,0.09109,7.143,1.0,Negative
256,L,G,0.5539,0.09269,7.5,-2.261,0.1818,9.286,1.0,Special
256,L,H,0.3276,0.1697,5.5,-1.72,0.3583,6.857,1.0,Positive
256,L,K,-0.1053,0.1787,3.5,-2.916,0.0,6.0,1.0,Positive
256,L,R,-0.06289,0.1979,3.5,-2.91,0.0,4.714,1.0,Positive
256,L,S,1.134,0.3505,5.5,-1.786,0.3787,6.0,1.0,Hydrophilic
257,D,A,-0.04367,0.4043,5.5,-1.616,0.518,6.429,1.0,Hydrophobic
257,D,G,0.1155,0.01649,6.0,-1.551,0.3298,6.286,1.0,Special
257,D,K,0.2563,0.1133,3.0,-1.972,0.3425,4.143,1.0,Positive
257,D,M,0.01036,0.1476,2.5,-2.214,0.3912,4.429,1.0,Hydrophobic
257,D,W,0.09865,0.2977,5.0,-1.848,0.256,6.714,1.0,Aromatic
257,D,Y,0.1828,0.4109,6.0,-1.649,0.4591,10.0,1.0,Aromatic
258,R,A,0.347,0.4762,2.5,-1.631,0.3458,3.143,1.0,Hydrophobic
258,R,D,0.5805,0.5557,3.5,-2.28,0.344,4.857,1.0,Negative
258,R,E,0.2821,0.595,2.5,-2.353,0.2059,3.0,1.0,Negative
258,R,H,0.3823,0.1827,11.5,-2.292,0.2008,16.43,1.0,Positive
258,R,I,0.7309,0.1374,3.5,-2.503,0.3678,6.571,1.0,Hydrophobic
258,R,K,0.185,0.916,5.0,-1.662,0.6019,5.286,1.0,Positive
258,R,L,0.9426,0.3328,6.5,-3.517,0.0,16.14,1.0,Hydrophobic
258,R,M,0.2192,0.2272,4.0,-1.572,0.3394,5.857,1.0,Hydrophobic
258,R,P,0.4568,0.3927,5.5,-2.609,0.02041,7.143,1.0,Special
258,R,Q,0.1352,0.7313,4.0,-2.23,0.2045,6.571,1.0,Hydrophilic
258,R,S,0.2583,0.4702,5.0,-1.681,0.468,6.286,1.0,Hydrophilic
258,R,T,0.2483,0.1072,3.0,-1.883,0.3315,4.857,1.0,Hydrophilic
258,R,V,0.4385,0.07894,5.5,-2.517,0.02986,6.286,1.0,Hydrophobic
258,R,W,0.3796,0.4663,3.5,-2.596,0.0155,6.714,1.0,Aromatic
258,R,Y,-0.1541,0.9749,3.0,-2.543,0.1141,4.571,1.0,Aromatic
259,G,C,0.1418,0.1488,2.5,-3.576,0.0,12.71,1.0,Special
259,G,D,0.1432,0.1416,13.5,-1.958,0.3984,16.29,1.0,Negative
259,G,E,0.04209,0.1517,4.0,-2.384,0.09366,7.143,1.0,Negative
259,G,H,0.5819,0.1013,4.5,-1.719,0.3146,5.143,1.0,Positive
259,G,I,0.6231,0.2092,5.0,-1.597,0.4367,4.857,1.0,Hydrophobic
259,G,K,0.1173,0.3278,4.5,-1.619,0.4828,5.714,1.0,Positive
259,G,L,0.1765,0.274,3.0,-1.524,0.4806,4.0,1.0,Hydrophobic
259,G,V,0.3565,0.04005,9.5,-1.777,0.4699,11.14,1.0,Hydrophobic
260,D,I,0.4437,0.2378,4.0,-2.513,0.7268,6.429,1.0,Hydrophobic
260,D,K,0.188,0.02868,6.5,-2.078,0.2254,7.571,1.0,Positive
260,D,L,0.08083,0.04341,6.5,-1.949,0.2989,7.429,1.0,Hydrophobic
260,D,M,0.4352,0.3924,3.0,-2.329,0.1603,4.429,1.0,Hydrophobic
260,D,N,0.0524,0.02447,6.0,-2.534,0.3439,12.43,1.0,Hydrophilic
260,D,Q,-0.07942,0.3616,2.5,-2.876,0.07144,3.0,1.0,Hydrophilic
260,D,V,0.5956,0.003251,4.5,-2.228,0.1256,4.857,1.0,Hydrophobic
260,D,Y,0.2737,0.1488,3.0,-2.059,0.2181,7.0,1.0,Aromatic
263,P,A,0.2137,0.0786,3.0,-1.52,0.632,4.714,1.0,Hydrophobic
263,P,D,0.7172,0.4465,3.0,-2.923,0.5174,4.429,1.0,Negative
263,P,L,0.05439,0.5071,6.5,-3.345,0.0,14.14,1.0,Hydrophobic
263,P,S,0.093,0.1174,5.5,-3.182,0.0,15.57,1.0,Hydrophilic
263,P,V,0.3956,0.3245,4.0,-2.883,0.0,4.857,1.0,Hydrophobic
263,P,W,0.58,0.529,3.0,-3.506,0.0,6.857,1.0,Aromatic
264,S,C,0.1908,0.2606,4.583,-1.511,0.5734,7.143,1.0,Special
264,S,K,0.5288,0.1068,8.0,-2.574,0.0,9.429,1.0,Positive
265,L,D,0.2693,0.4625,4.5,-3.502,0.0,8.571,1.0,Negative
265,L,W,0.1768,0.1171,4.5,-2.371,0.1769,8.714,1.0,Aromatic
266,F,A,0.3512,0.6973,4.0,-1.675,0.459,5.0,1.0,Hydrophobic
266,F,G,0.2328,0.004676,6.0,-2.076,0.5248,7.286,1.0,Special
266,F,H,0.05429,0.6217,3.0,-2.899,0.0,7.0,1.0,Positive
266,F,I,0.1362,0.2647,5.0,-2.309,0.3063,6.429,1.0,Hydrophobic
266,F,S,0.786,0.2885,4.5,-3.107,0.0,6.857,1.0,Hydrophilic
266,F,T,0.4407,0.09627,4.5,-3.241,0.0,6.714,1.0,Hydrophilic
266,F,V,0.1234,0.1863,4.5,-3.114,0.0,5.429,1.0,Hydrophobic
267,M,E,0.4063,0.3523,3.0,-2.177,0.9296,4.714,1.0,Negative
267,M,K,-0.3325,0.2801,4.5,-1.868,0.2356,5.286,1.0,Positive
267,M,N,0.7146,0.7633,8.0,-2.136,0.2928,8.714,1.0,Hydrophilic
267,M,R,0.6694,0.4194,4.0,-1.571,0.6505,5.286,1.0,Positive
268,T,R,0.4548,0.08797,6.0,-1.907,0.1877,7.286,1.0,Positive
269,N,C,0.2664,0.4898,3.0,-3.103,0.0,4.143,1.0,Special
269,N,I,-0.3072,0.5928,5.5,-2.745,0.0,8.571,1.0,Hydrophobic
270,V,C,-0.1486,0.7636,2.5,-3.501,0.0,9.0,1.0,Special
270,V,K,0.3709,0.109,8.5,-1.841,0.3113,9.429,1.0,Positive
271,W,S,0.4725,0.297,2.5,-3.19,0.0,4.286,1.0,Hydrophilic
273,P,G,-0.135,0.1224,3.5,-1.728,0.4727,4.286,1.0,Special
275,N,P,0.8335,0.1903,5.0,-2.853,0.0,6.857,1.0,Special
276,P,D,0.1041,0.207,2.5,-1.58,0.9264,2.714,1.0,Negative
276,P,E,0.07592,0.1937,3.5,-3.148,0.0,7.857,1.0,Negative
276,P,H,-0.177,0.1267,12.5,-2.152,0.3888,17.29,1.0,Positive
276,P,K,0.1394,0.4676,5.5,-2.749,0.05896,8.286,1.0,Positive
276,P,N,0.2048,0.2725,3.5,-3.423,0.0,8.0,1.0,Hydrophilic
276,P,R,0.4811,0.7409,2.5,-2.265,0.1115,5.0,1.0,Positive
276,P,W,-0.132,0.1811,6.0,-2.093,0.2594,8.857,1.0,Aromatic
276,P,Y,0.4045,0.01384,3.0,-2.19,0.3339,5.143,1.0,Aromatic
279,V,S,-0.4296,0.09365,4.5,-1.629,0.6541,6.714,1.0,Hydrophilic
279,V,T,-0.3604,0.05959,4.5,-2.495,0.268,6.0,1.0,Hydrophilic
281,H,N,0.7101,1.09,3.5,-2.889,0.7557,9.286,1.0,Hydrophilic
282,C,G,0.2069,0.276,2.5,-2.384,0.685,4.0,1.0,Special
283,S,D,0.104,0.1718,2.5,-2.015,0.8917,3.857,1.0,Negative
283,S,I,-0.07461,0.05679,4.0,-2.689,0.3301,6.714,1.0,Hydrophobic
283,S,P,-0.2485,0.1001,4.0,-1.986,0.5336,4.714,1.0,Special
283,S,R,-0.1508,0.3063,3.5,-3.384,0.0,6.429,1.0,Positive
283,S,W,0.1995,0.3402,4.0,-2.949,0.0,9.0,1.0,Aromatic
284,A,D,-0.2343,0.4743,3.0,-3.328,0.0,4.714,1.0,Negative
284,A,E,0.2371,0.4675,7.0,-3.265,0.0,10.0,1.0,Negative
284,A,K,-0.4692,0.0748,4.5,-1.934,0.4803,7.571,1.0,Positive
285,V,F,-0.2087,0.1416,4.0,-3.362,0.0,9.857,1.0,Aromatic
285,V,H,1.516,0.3052,2.5,-2.435,0.827,3.143,1.0,Positive
286,Y,E,0.6202,0.2617,2.5,-2.907,0.0,4.143,1.0,Negative
291,Y,A,-0.7171,1.048,2.5,-2.438,0.467,5.429,1.0,Hydrophobic
291,Y,C,0.7282,0.6357,2.5,-2.786,0.0,5.571,1.0,Special
291,Y,G,0.05021,0.0567,4.5,-2.103,0.2952,6.571,1.0,Special
291,Y,P,-0.2312,0.1196,2.5,-3.231,0.0,5.143,1.0,Special
291,Y,Q,0.09167,0.09786,3.5,-2.784,0.4604,4.571,1.0,Hydrophilic
291,Y,R,0.8168,0.4153,2.5,-3.246,0.0,4.857,1.0,Positive
291,Y,S,0.2883,0.03486,3.0,-3.405,0.0,7.143,1.0,Hydrophilic
291,Y,T,-0.094,0.1873,3.0,-3.436,0.0,6.571,1.0,Hydrophilic
292,Y,K,-0.0254,0.3464,3.0,-2.498,0.613,5.286,1.0,Positive
293,V,E,-0.3596,0.5633,3.5,-1.567,0.4359,5.429,1.0,Negative
294,L,D,-0.05009,0.1792,2.5,-3.378,0.0,5.143,1.0,Negative
294,L,G,-0.1258,0.1721,3.5,-1.9,0.8209,5.0,1.0,Special
294,L,K,0.5503,0.8074,4.0,-2.621,0.848,7.0,1.0,Positive
295,C,E,0.6036,0.9158,2.5,-2.88,0.7209,3.571,1.0,Negative
295,C,I,0.4195,1.136,3.5,-2.578,0.1474,5.571,1.0,Hydrophobic
295,C,R,-0.01697,0.1341,5.5,-3.363,0.0,13.14,1.0,Positive
296,A,I,-0.01293,0.1204,5.5,-1.647,0.3496,8.286,1.0,Hydrophobic
296,A,K,0.2631,0.303,3.0,-3.235,0.0,7.714,1.0,Positive
296,A,L,-0.3064,0.5955,5.5,-1.786,0.2922,8.0,1.0,Hydrophobic
296,A,M,-0.001978,0.156,2.5,-3.023,0.0,3.429,1.0,Hydrophobic
296,A,W,1.278,1.636,3.0,-3.481,0.0,5.714,1.0,Aromatic
296,A,Y,-0.3519,0.07916,2.5,-2.756,0.7672,5.714,1.0,Aromatic
298,S,K,0.1848,0.346,4.0,-3.044,0.0,5.286,1.0,Positive
298,S,R,-0.2456,0.6738,2.5,-2.233,0.7217,5.857,1.0,Positive
298,S,V,-0.04428,0.03747,2.5,-3.052,0.0,3.429,1.0,Hydrophobic
298,S,W,-0.02654,0.463,2.5,-3.059,0.0,7.0,1.0,Aromatic
298,S,Y,0.1595,0.0675,4.0,-3.091,0.0,7.143,1.0,Aromatic
302,D,R,0.4015,0.3389,7.0,-1.631,0.5119,7.143,1.0,Positive
303,P,E,-0.7647,0.5721,2.5,-3.36,0.0,5.857,1.0,Negative
303,P,G,-0.6524,0.6358,2.5,-2.136,0.4355,4.286,1.0,Special
303,P,L,-0.6668,1.016,3.5,-3.449,0.0,10.43,1.0,Hydrophobic
303,P,M,-0.5054,0.04605,4.5,-1.644,0.3695,6.143,1.0,Hydrophobic
303,P,N,-0.3036,0.02901,2.5,-2.079,0.2904,4.429,1.0,Hydrophilic
303,P,R,0.5805,0.3061,3.5,-2.99,0.0,5.857,1.0,Positive
303,P,Y,-0.2597,0.868,3.5,-2.618,0.9613,6.429,1.0,Aromatic
304,I,E,-0.1071,0.05157,2.5,-3.401,0.0,6.0,1.0,Negative
304,I,P,-0.3441,0.488,3.0,-1.764,0.5372,4.714,1.0,Special
304,I,W,-0.1163,0.1976,4.5,-3.432,0.0,9.0,1.0,Aromatic
305,L,E,-0.8737,0.7183,5.0,-3.158,0.0,6.857,1.0,Negative
305,L,N,-0.7302,0.3895,2.5,-2.16,0.743,5.0,1.0,Hydrophilic
305,L,S,-0.1779,0.7694,4.0,-2.218,0.4748,6.143,1.0,Hydrophilic
307,S,I,-0.5043,0.538,5.0,-1.753,0.5743,6.714,1.0,Hydrophobic
307,S,R,-0.4868,0.5482,4.5,-2.5,0.3734,6.143,1.0,Positive
310,W,C,0.03888,0.3412,3.0,-3.305,0.0,7.714,1.0,Special
310,W,D,-0.5315,0.9464,4.5,-1.914,0.3336,7.429,1.0,Negative
310,W,E,-0.3859,0.2415,2.5,-1.975,0.5382,4.429,1.0,Negative
310,W,G,-0.4473,0.215,2.5,-2.376,0.2856,5.143,1.0,Special
310,W,L,-0.6496,0.8781,5.5,-3.235,0.0,9.571,1.0,Hydrophobic
310,W,M,-0.4916,0.6704,3.0,-1.802,0.3434,4.857,1.0,Hydrophobic
310,W,N,-0.6565,0.6491,2.5,-1.83,0.4056,3.429,1.0,Hydrophilic
310,W,R,0.2037,0.4919,4.0,-3.433,0.0,10.71,1.0,Positive
314,L,K,-0.09039,0.2,2.5,-3.305,0.0,7.286,1.0,Positive
314,L,W,0.0442,0.07572,2.5,-1.818,0.3346,4.0,1.0,Aromatic
319,L,E,1.091,0.6863,3.0,-3.391,0.0,6.571,1.0,Negative
319,L,P,0.08677,0.09965,4.0,-3.342,0.0,12.29,1.0,Special
319,L,W,-0.04765,0.1498,5.5,-1.774,0.2768,5.286,1.0,Aromatic
321,V,F,-0.9581,1.052,4.0,-2.711,0.0,7.429,1.0,Aromatic
321,V,H,0.7751,0.6834,3.5,-2.367,0.9222,3.429,1.0,Positive
322,K,C,-0.2661,0.6767,4.0,-1.902,0.8671,6.143,1.0,Special
323,P,W,0.4337,0.2131,2.5,-1.768,0.4659,4.286,1.0,Aromatic
326,N,C,0.1294,0.4678,2.5,-1.551,0.7831,4.0,1.0,Special
330,Y,C,0.8314,0.5473,5.5,-1.674,0.4529,9.714,1.0,Special
345,Y,D,-0.04935,0.2234,4.5,-1.87,0.8786,6.286,1.0,Negative
345,Y,E,-0.1934,0.2417,6.5,-1.701,0.8483,8.143,1.0,Negative
345,Y,K,-0.1705,0.535,4.0,-1.528,0.6043,5.714,1.0,Positive
345,Y,R,-0.5251,0.02076,3.0,-2.062,0.4563,7.857,1.0,Positive
347,K,C,-0.3211,0.2212,8.5,-1.609,0.6556,12.14,1.0,Special
347,K,E,-0.415,0.5533,4.0,-2.42,0.07446,6.0,1.0,Negative
347,K,Y,-0.5849,0.7501,3.5,-1.689,0.4679,4.143,1.0,Aromatic
348,V,N,-0.373,0.4476,3.0,-3.235,0.0,4.857,1.0,Hydrophilic
349,M,K,-0.1,0.1048,3.0,-3.306,0.0,5.571,1.0,Positive
350,P,I,-0.09916,0.2627,4.5,-3.173,0.0,7.857,1.0,Hydrophobic
350,P,L,0.1422,0.2591,6.0,-3.253,0.0,12.71,1.0,Hydrophobic
350,P,R,-0.4063,0.5405,3.0,-3.134,0.0,6.714,1.0,Positive
350,P,W,-0.0956,0.2716,2.5,-3.248,0.0,6.571,1.0,Aromatic
351,Y,K,-0.6197,0.009255,5.5,-1.519,0.4256,7.286,1.0,Positive
351,Y,W,-0.7248,0.4143,5.0,-1.661,0.5107,6.429,1.0,Aromatic
352,G,A,0.3048,0.1174,4.0,-3.303,0.0,5.714,1.0,Hydrophobic
352,G,E,0.8837,0.6543,4.0,-3.32,0.0,13.14,1.0,Negative
352,G,H,0.8965,1.401,2.5,-3.129,0.0,3.714,1.0,Positive
352,G,K,-0.229,0.2625,2.5,-3.048,0.0,5.714,1.0,Positive
352,G,R,-0.4387,0.6926,4.0,-3.38,0.0,10.86,1.0,Positive
352,G,W,-0.1728,0.2241,4.5,-3.46,0.0,10.43,1.0,Aromatic
352,G,Y,0.2927,0.2976,3.0,-3.023,0.1754,5.429,1.0,Aromatic
353,P,W,-0.3013,0.531,2.5,-2.933,0.0,3.857,1.0,Aromatic
354,S,I,-0.2243,0.2996,7.5,-2.144,0.4345,10.57,1.0,Hydrophobic
355,G,A,-0.1016,0.09183,3.0,-1.509,0.2776,7.286,1.0,Hydrophobic
355,G,D,-0.04878,0.03702,7.5,-3.309,0.0,17.57,1.0,Negative
355,G,I,0.4683,0.6074,2.5,-2.872,0.2075,9.857,1.0,Hydrophobic
355,G,K,0.4491,0.3894,2.5,-3.45,0.0,5.714,1.0,Positive
355,G,S,0.04599,0.0257,8.0,-3.387,0.0,18.14,1.0,Hydrophilic
355,G,T,0.004477,0.01645,3.5,-3.197,0.0,5.0,1.0,Hydrophilic
355,G,V,-0.2062,0.1436,3.0,-3.222,0.0,9.0,1.0,Hydrophobic
358,Q,P,0.7153,0.4502,4.0,-2.892,0.2702,5.143,1.0,Special
362,L,P,0.4179,0.17,5.5,-3.235,0.0,10.0,1.0,Special
362,L,R,0.1509,1.117,3.0,-3.176,0.0,6.857,1.0,Positive
362,L,W,-0.2501,0.5664,2.5,-2.813,0.09411,5.571,1.0,Aromatic
364,F,K,-0.07761,0.1214,2.5,-3.299,0.0,8.857,1.0,Positive
364,F,Q,-0.24,0.2322,3.0,-3.177,0.0,6.714,1.0,Hydrophilic
365,P,C,0.4784,1.577,3.0,-1.883,0.4862,4.714,1.0,Special
365,P,H,-0.3771,0.2656,2.5,-3.235,0.0,7.143,1.0,Positive
365,P,K,0.5767,0.4868,3.5,-3.229,0.0,5.714,1.0,Positive
365,P,L,-0.1062,0.543,3.0,-3.154,0.0,10.57,1.0,Hydrophobic
365,P,M,-0.03211,0.1827,5.0,-1.669,0.3886,8.0,1.0,Hydrophobic
366,A,D,1.027,0.1163,4.5,-3.296,0.0,13.43,1.0,Negative
366,A,E,0.7409,0.3806,3.0,-3.093,0.0,5.571,1.0,Negative
366,A,F,0.4979,0.6275,2.5,-3.432,0.0,5.571,1.0,Aromatic
366,A,N,-0.02364,0.255,4.0,-2.884,0.0,6.286,1.0,Hydrophilic
366,A,Q,0.08322,1.135,2.5,-2.795,0.9557,4.857,1.0,Hydrophilic
366,A,Y,0.2427,0.9421,3.0,-3.108,0.0,5.429,1.0,Aromatic
367,V,F,-0.5422,0.3851,5.0,-2.129,0.3839,7.714,1.0,Aromatic
367,V,K,-0.3453,1.124,3.0,-2.929,0.7284,8.0,1.0,Positive
367,V,P,0.05566,0.2398,3.0,-3.333,0.0,6.714,1.0,Special
367,V,R,0.5734,1.327,2.5,-3.33,0.0,8.143,1.0,Positive
367,V,Y,1.1,1.574,3.5,-3.351,0.0,7.857,1.0,Aromatic
368,G,E,-0.1052,0.2276,17.0,-2.89,0.0,28.57,1.0,Negative
368,G,L,0.523,0.3325,3.0,-3.093,0.07257,5.429,1.0,Hydrophobic
368,G,M,-0.6311,0.1327,4.5,-2.425,0.181,9.714,1.0,Hydrophobic
368,G,P,0.5198,0.8707,3.0,-3.189,0.0,4.429,1.0,Special
368,G,R,-0.187,0.187,15.0,-2.598,0.02986,29.43,1.0,Positive
368,G,V,-0.2319,0.1867,6.0,-2.196,0.3238,11.86,1.0,Hydrophobic
368,G,W,0.139,0.1295,2.5,-3.365,0.0,9.714,1.0,Aromatic
368,G,Y,-0.3674,0.4567,2.5,-3.411,0.0,6.143,1.0,Aromatic
369,F,E,-0.2361,0.2988,5.5,-1.843,0.2375,6.429,1.0,Negative
369,F,G,1.147,1.78,4.5,-1.523,0.875,6.143,1.0,Special
369,F,N,-0.2595,0.6411,4.5,-1.753,0.3064,6.571,1.0,Hydrophilic
369,F,P,0.6807,0.06716,3.0,-2.843,0.2445,5.286,1.0,Special
369,F,R,-0.5892,0.2943,5.5,-1.806,0.5614,6.714,1.0,Positive
370,L,P,-0.06578,0.1222,6.5,-3.333,0.0,10.14,1.0,Special
371,V,N,0.01026,0.7974,5.5,-2.033,0.5918,7.714,1.0,Hydrophilic
372,R,C,0.6912,0.11,7.0,-3.48,0.0,18.71,1.0,Special
372,R,E,-0.7443,1.671,3.5,-1.715,0.4347,5.286,1.0,Negative
375,F,R,0.9131,0.9907,3.5,-2.835,0.8831,5.429,1.0,Positive
377,Y,C,-0.6655,0.605,4.0,-1.986,0.4891,6.286,1.0,Special
379,D,R,-0.579,0.3337,4.0,-1.771,0.3988,6.0,1.0,Positive
379,D,W,-0.7814,0.2423,5.0,-1.867,0.288,7.429,1.0,Aromatic
380,S,C,0.1286,0.1844,5.5,-2.519,0.04309,8.286,1.0,Special
381,N,P,-0.00465,0.1856,4.0,-2.632,0.02079,7.0,1.0,Special
382,C,A,0.03212,0.5936,5.0,-3.326,0.0,8.286,1.0,Hydrophobic
382,C,D,0.6004,0.7019,2.5,-3.111,0.0,4.857,1.0,Negative
382,C,E,0.254,0.4753,4.5,-3.212,0.0,8.571,1.0,Negative
382,C,F,0.9806,0.5171,5.0,-3.381,0.0,15.0,1.0,Aromatic
382,C,G,0.2626,0.3292,3.0,-2.063,0.9017,5.0,1.0,Special
382,C,K,-0.01754,0.05623,2.5,-2.93,0.5596,6.0,1.0,Positive
382,C,L,0.1063,0.08553,2.5,-2.992,0.0,6.714,1.0,Hydrophobic
382,C,M,0.1537,0.1819,3.0,-2.983,0.3685,5.571,1.0,Hydrophobic
382,C,N,-0.1636,1.172,3.0,-3.162,0.1134,6.286,1.0,Hydrophilic
382,C,R,0.2358,0.1809,3.083,-3.221,0.0,7.286,1.0,Positive
382,C,S,-0.1089,0.1802,3.0,-3.367,0.0,6.857,1.0,Hydrophilic
382,C,T,-0.08187,0.1456,3.5,-3.212,0.0,8.714,1.0,Hydrophilic
382,C,V,-0.03619,0.06322,3.5,-3.291,0.0,7.429,1.0,Hydrophobic
382,C,W,0.8961,1.188,3.5,-3.315,0.0,6.714,1.0,Aromatic
382,C,Y,0.1758,0.1191,7.5,-3.474,0.0,16.0,1.0,Aromatic
384,I,E,-0.3572,0.5035,3.0,-1.929,0.9407,4.571,1.0,Negative
384,I,P,-0.4232,0.4236,3.5,-3.563,0.0,8.143,1.0,Special
387,C,F,1.875,1.121,4.0,-3.448,0.0,10.0,1.0,Aromatic
387,C,I,-0.1008,0.09281,2.5,-2.993,0.0,4.714,1.0,Hydrophobic
387,C,K,0.01788,0.2996,3.0,-3.427,0.0,5.857,1.0,Positive
387,C,M,0.8246,0.04563,3.0,-3.282,0.0,5.143,1.0,Hydrophobic
387,C,R,-0.4908,0.7511,3.5,-2.942,0.0,6.571,1.0,Positive
387,C,W,0.1061,0.1596,3.5,-2.85,0.0,5.429,1.0,Aromatic
387,C,Y,1.328,0.3893,2.5,-3.565,0.0,12.0,1.0,Aromatic
389,Y,E,0.2609,0.3006,2.5,-3.42,0.0,5.286,1.0,Negative
389,Y,L,-0.02233,0.1048,4.0,-3.441,0.0,8.286,1.0,Hydrophobic
389,Y,R,-0.6925,0.9646,3.0,-3.439,0.0,8.571,1.0,Positive
389,Y,S,-1.075,1.831,3.0,-3.083,0.02003,4.429,1.0,Hydrophilic
389,Y,T,0.1564,0.4784,3.0,-3.4,0.0,5.857,1.0,Hydrophilic
389,Y,V,-0.0876,0.9162,2.5,-3.266,0.0,5.857,1.0,Hydrophobic
390,S,F,-0.07946,0.1622,6.5,-3.37,0.0,13.29,1.0,Aromatic
390,S,K,0.2378,0.2841,3.5,-2.561,0.5509,7.143,1.0,Positive
390,S,P,0.04207,0.07455,2.5,-2.243,0.7155,5.0,1.0,Special
390,S,V,-0.8208,0.002878,4.5,-1.629,0.4233,6.714,1.0,Hydrophobic
390,S,W,-0.04623,0.4139,2.5,-3.498,0.0,7.857,1.0,Aromatic
394,N,C,-0.09785,0.539,3.0,-2.339,0.8903,4.857,1.0,Special
395,C,E,0.01657,0.09202,2.5,-3.231,0.0,5.571,1.0,Negative
395,C,F,0.5107,0.7814,3.0,-3.348,0.0,9.143,1.0,Aromatic
395,C,H,1.296,1.621,3.5,-2.971,0.0,4.0,1.0,Positive
395,C,L,-0.04006,0.04522,2.5,-3.231,0.0,5.286,1.0,Hydrophobic
395,C,R,0.3748,1.331,2.5,-3.296,0.0,8.143,1.0,Positive
395,C,S,0.1306,0.1035,3.0,-3.35,0.0,5.0,1.0,Hydrophilic
395,C,V,1.279,1.63,3.5,-3.111,0.1561,5.286,1.0,Hydrophobic
395,C,Y,0.2546,0.3454,9.5,-3.518,0.0,27.43,1.0,Aromatic
396,R,N,-0.5869,0.6116,5.5,-1.523,0.4509,7.143,1.0,Hydrophilic
396,R,P,-0.3216,0.3452,2.5,-1.529,0.8762,4.143,1.0,Special
396,R,T,1.061,0.5299,4.0,-3.336,0.0,7.286,1.0,Hydrophilic
398,S,D,0.6597,0.7417,2.5,-2.95,0.6832,5.143,1.0,Negative
398,S,H,-0.2312,0.7691,3.5,-3.32,0.0,9.857,1.0,Positive
398,S,I,0.3083,0.3168,5.5,-3.372,0.0,10.0,1.0,Hydrophobic
398,S,N,-0.2354,0.3032,8.5,-3.358,0.0,18.71,1.0,Hydrophilic
398,S,Q,-0.9354,0.318,4.5,-3.208,0.0,7.286,1.0,Hydrophilic
398,S,Y,-0.1933,0.06138,2.5,-3.115,0.0,6.0,1.0,Aromatic
399,M,H,-0.1943,0.3926,2.5,-2.98,0.5463,6.0,1.0,Positive
399,M,I,-0.2624,0.435,11.5,-3.189,0.009827,23.29,1.0,Hydrophobic
399,M,S,0.5749,0.7953,3.5,-3.237,0.0,6.0,1.0,Hydrophilic
399,M,V,-0.09186,0.4793,5.5,-3.017,0.01323,6.714,1.0,Hydrophobic
400,G,D,-0.04622,0.4206,2.5,-3.392,0.0,7.286,1.0,Negative
400,G,E,-0.5258,0.4582,20.5,-2.837,0.006803,45.29,1.0,Negative
400,G,F,-0.9912,1.481,3.0,-3.19,0.0,3.857,1.0,Aromatic
400,G,R,-0.6163,0.4171,19.5,-1.633,0.524,28.14,1.0,Positive
400,G,V,-0.5427,0.2293,4.0,-1.939,0.2794,6.429,1.0,Hydrophobic
401,I,E,-0.1967,0.1287,3.0,-1.597,0.838,3.429,1.0,Negative
401,I,G,-0.4802,0.2982,3.0,-2.863,0.2219,3.571,1.0,Special
401,I,R,-0.3652,0.3775,3.0,-2.286,0.4655,5.429,1.0,Positive
401,I,W,-0.7485,0.2422,3.5,-1.605,0.4088,5.857,1.0,Aromatic
402,R,P,-0.4383,0.4036,2.5,-2.288,0.1676,4.429,1.0,Special
405,S,C,-0.8664,0.1733,3.5,-1.632,0.2888,4.286,1.0,Special
405,S,I,-0.288,0.559,6.5,-1.818,0.3756,10.14,1.0,Hydrophobic
405,S,K,-1.091,0.837,2.5,-2.433,0.3944,5.143,1.0,Positive
405,S,P,-0.563,0.04876,4.0,-2.167,0.2485,6.143,1.0,Special
405,S,R,0.2529,0.1355,4.5,-3.073,0.0,12.57,1.0,Positive
407,Y,C,-0.5293,0.6202,3.5,-1.727,0.4172,6.714,1.0,Special
407,Y,R,0.3138,0.9208,2.5,-2.458,0.2415,3.857,1.0,Positive
408,I,G,-0.009116,0.08197,3.5,-3.436,0.0,9.0,1.0,Special
408,I,N,-0.5907,0.7356,3.5,-3.132,0.0,6.714,1.0,Hydrophilic
408,I,Q,0.2176,0.2672,2.5,-3.25,0.0,6.571,1.0,Hydrophilic
409,L,E,-0.8038,0.4529,5.5,-1.796,0.2334,8.714,1.0,Negative
409,L,G,-0.4622,0.5728,2.5,-2.236,0.3212,4.714,1.0,Special
409,L,R,-1.103,1.51,4.0,-3.187,0.0,6.143,1.0,Positive
410,R,C,-0.4151,0.3044,6.0,-3.5,0.0,12.86,1.0,Special
412,G,C,1.164,1.016,5.0,-2.573,0.8791,6.714,1.0,Special
412,G,E,0.393,0.4562,4.0,-3.368,0.0,14.86,1.0,Negative
412,G,R,0.06719,0.03154,8.0,-3.485,0.0,21.86,1.0,Positive
412,G,S,-0.4008,0.5525,3.0,-3.254,0.0,5.857,1.0,Hydrophilic
412,G,V,-0.06694,0.1806,4.5,-2.764,0.07748,8.143,1.0,Hydrophobic
412,G,Y,0.5763,0.2638,2.5,-3.329,0.0,5.0,1.0,Aromatic
414,L,K,0.7121,0.6692,2.5,-3.189,0.0,3.429,1.0,Positive
414,L,P,1.327,0.09269,4.0,-3.384,0.0,8.0,1.0,Special
414,L,Q,-0.004046,0.3601,2.5,-3.232,0.0,6.857,1.0,Hydrophilic
426,V,E,-0.1541,0.4865,2.5,-3.028,0.0,4.429,1.0,Negative
426,V,R,-0.05899,0.1545,3.5,-3.125,0.0,5.714,1.0,Positive
428,F,A,0.00935,0.1397,3.5,-2.881,0.06425,7.571,1.0,Hydrophobic
428,F,G,-0.009226,0.05837,3.0,-3.355,0.0,6.857,1.0,Special
428,F,N,-0.2485,0.1355,2.5,-3.065,0.0,6.0,1.0,Hydrophilic
428,F,S,0.07434,0.2611,2.5,-2.954,0.2086,4.714,1.0,Hydrophilic
428,F,T,-0.3488,0.893,2.5,-3.412,0.0,5.143,1.0,Hydrophilic
428,F,V,0.365,0.5937,3.0,-2.77,0.0,7.0,1.0,Hydrophobic
429,I,P,0.8785,0.909,2.5,-3.098,0.0,4.286,1.0,Special
431,I,F,0.006752,0.04716,3.5,-3.188,0.0,7.714,1.0,Aromatic
431,I,K,-0.4456,0.05962,6.0,-1.587,0.586,7.714,1.0,Positive
435,R,C,1.004,1.165,4.5,-3.539,0.0,16.86,1.0,Special
435,R,I,-0.6024,0.4852,5.0,-2.041,0.2193,7.286,1.0,Hydrophobic
435,R,W,-0.2637,0.3952,2.5,-1.782,0.7464,4.286,1.0,Aromatic
436,L,F,-0.5206,0.3053,6.5,-2.02,0.2347,13.86,1.0,Aromatic
436,L,H,-0.8828,1.155,3.0,-2.448,0.8848,5.429,1.0,Positive
436,L,N,-0.341,1.135,3.0,-2.246,0.8673,4.571,1.0,Hydrophilic
436,L,W,-0.694,0.5305,4.0,-2.542,0.0,4.857,1.0,Aromatic
437,S,D,-0.09343,0.04197,2.5,-2.475,0.03539,5.429,1.0,Negative
437,S,F,-0.6,0.2848,10.5,-1.61,0.4003,13.71,1.0,Aromatic
437,S,K,-0.6936,1.569,4.0,-2.955,0.0155,6.714,1.0,Positive
437,S,P,-0.3013,0.1997,3.0,-3.54,0.0,12.0,1.0,Special
437,S,Y,-0.2486,1.258,3.5,-2.973,0.0,11.29,1.0,Aromatic
438,I,C,0.09891,0.6303,2.5,-3.222,0.0,5.857,1.0,Special
438,I,E,-0.1533,0.1756,2.5,-2.714,0.9357,5.143,1.0,Negative
438,I,K,-0.2952,0.6956,3.5,-1.982,0.9748,5.571,1.0,Positive
438,I,N,0.1759,0.5922,4.5,-3.454,0.0,9.0,1.0,Hydrophilic
438,I,R,0.342,0.5886,3.0,-3.254,0.0,5.286,1.0,Positive
438,I,S,-0.952,1.885,3.5,-3.315,0.0,6.714,1.0,Hydrophilic
439,G,C,-0.6342,1.021,4.5,-3.384,0.0,9.143,1.0,Special
439,G,D,0.1137,0.2388,6.5,-3.436,0.0,19.14,1.0,Negative
439,G,E,0.523,0.2746,2.5,-2.982,0.07597,6.857,1.0,Negative
439,G,K,-0.3181,0.002315,3.0,-2.995,0.0,5.714,1.0,Positive
439,G,M,0.4316,0.6494,2.5,-3.304,0.0,4.429,1.0,Hydrophobic
439,G,Q,0.04397,0.2019,3.5,-2.614,0.6786,6.286,1.0,Hydrophilic
439,G,S,-0.008541,0.1821,6.0,-2.832,0.0,15.29,1.0,Hydrophilic
439,G,V,0.1244,0.2303,5.5,-2.964,0.02495,9.286,1.0,Hydrophobic
440,S,F,0.03199,0.01776,7.5,-3.364,0.0,17.86,1.0,Aromatic
440,S,K,-0.1796,0.4559,3.0,-3.096,0.0,9.857,1.0,Positive
440,S,L,0.04778,0.1794,3.5,-3.205,0.0,8.286,1.0,Hydrophobic
440,S,M,-0.04234,0.3585,4.5,-3.043,0.0,6.714,1.0,Hydrophobic
440,S,N,0.6324,0.8399,2.5,-3.25,0.1708,6.286,1.0,Hydrophilic
440,S,P,1.302,0.9951,3.0,-3.466,0.0,13.14,1.0,Special
440,S,R,0.01099,0.05241,3.5,-3.267,0.0,7.286,1.0,Positive
440,S,Y,-0.5689,0.5557,2.5,-3.158,0.0,9.143,1.0,Aromatic
441,P,F,-1.14,0.1069,4.0,-2.029,0.4695,4.286,1.0,Aromatic
442,S,D,0.2951,0.4273,4.5,-1.584,0.4952,5.0,1.0,Negative
443,K,D,0.003289,0.03068,3.5,-3.362,0.0,6.714,1.0,Negative
443,K,F,-0.243,0.2873,5.5,-1.766,0.3862,7.286,1.0,Aromatic
443,K,M,0.1638,0.5898,3.5,-2.323,0.03553,5.143,1.0,Hydrophobic
443,K,P,-0.01029,0.4237,4.0,-2.788,0.5138,5.571,1.0,Special
444,I,K,0.1556,0.2273,3.0,-3.027,0.1425,5.286,1.0,Positive
444,I,Q,0.5981,0.8172,2.5,-1.663,0.8423,3.857,1.0,Hydrophilic
445,Y,N,0.02079,0.2002,2.5,-2.822,0.4167,5.286,1.0,Hydrophilic
454,Y,D,-0.2834,0.06842,3.5,-1.841,0.3822,6.0,1.0,Negative
454,Y,E,-0.08117,0.2773,4.5,-2.386,0.2837,8.286,1.0,Negative
455,Q,C,-0.6135,0.5542,4.0,-1.77,0.495,6.571,1.0,Special
455,Q,D,0.1629,0.2637,3.0,-3.151,0.0,6.0,1.0,Negative
455,Q,I,0.7849,1.175,3.0,-3.164,0.0,5.429,1.0,Hydrophobic
455,Q,N,-0.03167,0.08832,3.5,-3.383,0.0,8.429,1.0,Hydrophilic
455,Q,R,-0.6738,0.3464,5.5,-1.677,0.6114,10.43,1.0,Positive
455,Q,V,-0.6708,1.204,4.0,-3.153,0.0,8.714,1.0,Hydrophobic
455,Q,Y,-0.1877,0.136,3.0,-3.524,0.0,12.43,1.0,Aromatic
456,A,D,0.5789,0.6058,4.5,-3.353,0.0,9.571,1.0,Negative
456,A,H,-0.4466,1.341,2.5,-3.303,0.0,4.571,1.0,Positive
456,A,L,0.013,0.05687,2.5,-3.364,0.0,6.0,1.0,Hydrophobic
456,A,M,-0.1451,0.1212,5.5,-3.336,0.0,8.714,1.0,Hydrophobic
456,A,Q,0.4668,1.101,3.0,-3.436,0.0,8.571,1.0,Hydrophilic
456,A,V,-0.2294,0.4885,10.0,-1.695,0.3136,17.86,1.0,Hydrophobic
456,A,Y,0.6614,1.144,5.0,-3.396,0.0,8.429,1.0,Aromatic
457,S,D,-0.0002602,1.368,4.0,-2.88,0.0,6.0,1.0,Negative
457,S,E,-0.7253,0.7207,6.0,-2.251,0.1451,7.143,1.0,Negative
457,S,F,-0.3437,0.08566,8.5,-1.775,0.3291,15.0,1.0,Aromatic
457,S,L,-0.7934,0.7723,4.0,-3.389,0.0,9.0,1.0,Hydrophobic
457,S,N,-0.2008,0.2508,2.5,-3.184,0.0,4.857,1.0,Hydrophilic
457,S,R,-0.4688,0.3117,3.5,-3.262,0.0,6.857,1.0,Positive
458,F,E,0.4594,0.6516,2.5,-3.373,0.0,7.0,1.0,Negative
458,F,G,0.9667,1.906,3.5,-3.455,0.0,8.857,1.0,Special
458,F,I,-0.4765,0.926,3.0,-3.473,0.0,7.429,1.0,Hydrophobic
458,F,S,0.2585,0.379,2.5,-3.535,0.0,8.714,1.0,Hydrophilic
459,S,D,-0.4086,0.3928,5.0,-2.038,0.2029,7.571,1.0,Negative
459,S,F,-0.2497,0.08244,6.5,-3.518,0.0,17.29,1.0,Aromatic
459,S,H,-0.3179,0.7155,4.0,-2.242,0.1817,5.0,1.0,Positive
459,S,I,-0.1082,0.5332,3.0,-2.989,0.0,5.857,1.0,Hydrophobic
459,S,K,0.349,0.5071,2.5,-2.694,0.6732,5.0,1.0,Positive
459,S,Q,-0.221,0.5497,2.5,-2.962,0.6761,6.143,1.0,Hydrophilic
459,S,R,0.536,0.1628,3.0,-3.0,0.0,3.857,1.0,Positive
459,S,W,0.08089,0.3608,3.5,-3.436,0.0,8.714,1.0,Aromatic
459,S,Y,0.7613,0.6143,2.5,-3.335,0.0,7.571,1.0,Aromatic
460,W,A,-0.2507,0.7646,3.5,-3.189,0.0,6.429,1.0,Hydrophobic
460,W,C,0.8717,1.297,4.0,-3.349,0.0,11.71,1.0,Special
460,W,L,-0.3905,0.5407,6.5,-3.334,0.0,15.71,1.0,Hydrophobic
460,W,N,-0.0803,0.251,3.5,-3.036,0.0,7.0,1.0,Hydrophilic
460,W,Q,-0.2906,0.9582,2.5,-3.136,0.1089,6.857,1.0,Hydrophilic
460,W,R,0.01484,0.0403,4.0,-3.417,0.0,14.43,1.0,Positive
460,W,T,-0.1159,0.02962,5.5,-3.083,0.0,7.0,1.0,Hydrophilic
460,W,V,0.2459,0.5721,2.5,-3.232,0.0,4.857,1.0,Hydrophobic
462,T,C,0.1526,0.3203,4.0,-1.674,0.4934,4.714,1.0,Special
462,T,E,-0.2158,0.5702,4.5,-2.939,0.0,6.714,1.0,Negative
462,T,F,-1.117,1.045,3.0,-2.815,0.33,7.857,1.0,Aromatic
462,T,H,0.05693,0.1751,2.5,-2.783,0.0,4.429,1.0,Positive
462,T,I,0.05094,0.02919,7.5,-3.463,0.0,15.71,1.0,Hydrophobic
462,T,K,-0.3148,0.5193,5.0,-3.399,0.0,8.571,1.0,Positive
462,T,L,0.03084,0.1256,2.5,-3.226,0.0,5.143,1.0,Hydrophobic
462,T,P,0.3001,1.443,4.0,-3.474,0.0,8.714,1.0,Special
462,T,Q,-0.2951,0.4325,4.0,-3.043,0.0,5.571,1.0,Hydrophilic
462,T,V,-0.4283,0.7424,3.0,-2.624,0.9178,6.286,1.0,Hydrophobic
462,T,W,0.04805,0.04643,3.5,-3.136,0.0,8.857,1.0,Aromatic
463,M,D,-0.8073,1.105,4.0,-2.305,0.9996,6.429,1.0,Negative
464,I,G,0.05522,0.04874,3.5,-1.67,0.572,8.429,1.0,Special
464,I,K,-0.439,0.2042,3.5,-2.851,0.0,7.429,1.0,Positive
464,I,N,-0.6603,0.325,4.0,-2.49,0.1005,4.857,1.0,Hydrophilic
465,K,C,-0.001663,0.55,3.0,-1.611,0.9109,5.429,1.0,Special
465,K,E,-0.4523,1.78,4.5,-3.545,0.0,10.86,1.0,Negative
465,K,Y,-0.5733,0.2551,2.5,-3.045,0.4619,6.429,1.0,Aromatic
466,F,P,-0.6851,0.9087,2.5,-2.73,0.9866,6.714,1.0,Special
466,F,R,0.05752,0.2727,3.0,-2.981,0.0,5.286,1.0,Positive
467,G,C,-0.9078,1.139,2.5,-3.396,0.0,8.714,1.0,Special
467,G,D,0.5263,0.868,8.0,-3.43,0.0,18.0,1.0,Negative
467,G,H,0.6691,0.8583,3.0,-2.944,0.0,7.429,1.0,Positive
467,G,I,0.1956,0.5423,3.0,-3.169,0.0,5.714,1.0,Hydrophobic
467,G,K,0.6628,0.823,2.5,-2.941,0.56,6.0,1.0,Positive
467,G,L,-0.3215,0.5834,4.0,-3.296,0.0,7.714,1.0,Hydrophobic
467,G,M,0.2031,0.2695,2.5,-3.183,0.0,6.143,1.0,Hydrophobic
467,G,S,0.08169,0.002642,7.0,-3.0,0.0,12.43,1.0,Hydrophilic
467,G,T,-0.2334,0.3213,5.0,-3.217,0.0,8.429,1.0,Hydrophilic
467,G,V,-0.3067,0.1037,2.5,-3.302,0.0,7.286,1.0,Hydrophobic
469,V,D,0.8698,0.8278,4.0,-3.269,0.0,6.429,1.0,Negative
469,V,H,-0.1574,0.2323,7.5,-3.285,0.0,11.57,1.0,Positive
469,V,K,0.08578,0.04305,3.0,-3.459,0.0,8.857,1.0,Positive
469,V,N,0.745,0.3282,4.0,-3.214,0.0,7.0,1.0,Hydrophilic
469,V,R,1.412,1.364,3.0,-3.276,0.0,4.429,1.0,Positive
469,V,Y,-0.1625,0.05747,5.0,-2.914,0.0,7.571,1.0,Aromatic
475,L,K,1.209,1.793,2.5,-3.086,0.08807,5.571,1.0,Positive
475,L,R,0.4525,0.8057,2.5,-2.851,0.7773,5.857,1.0,Positive
476,V,P,-0.3236,0.2475,4.5,-2.508,0.06992,7.571,1.0,Special
477,V,D,-0.1842,0.6554,4.0,-3.264,0.0,6.571,1.0,Negative
479,W,A,-0.8536,0.02852,3.0,-2.889,0.0,5.429,1.0,Hydrophobic
479,W,G,-0.05212,0.03765,3.0,-3.3,0.0,7.0,1.0,Special
479,W,L,-0.02373,0.214,5.5,-3.49,0.0,15.43,1.0,Hydrophobic
479,W,R,-0.6252,0.6305,4.0,-3.436,0.0,12.29,1.0,Positive
479,W,T,-0.6052,0.4806,2.5,-2.748,0.04347,5.857,1.0,Hydrophilic
482,N,E,-0.287,0.3735,3.0,-2.285,0.1908,5.286,1.0,Negative
482,N,K,-0.5741,0.7865,2.5,-2.916,0.0,5.143,1.0,Positive
482,N,M,-0.7249,0.9756,2.5,-2.783,0.05711,4.286,1.0,Hydrophobic
485,I,F,-1.031,1.363,3.5,-2.911,0.1459,5.0,1.0,Aromatic
485,I,P,-0.1798,0.8506,5.5,-3.255,0.0,8.714,1.0,Special
485,I,W,-1.081,0.58,2.5,-2.778,0.04347,5.0,1.0,Aromatic
485,I,Y,-0.407,0.9136,3.5,-1.868,0.2955,5.286,1.0,Aromatic
486,S,C,0.3307,0.5319,2.5,-3.481,0.0,7.286,1.0,Special
486,S,E,0.9654,0.8964,2.5,-2.446,0.7541,2.714,1.0,Negative
486,S,F,0.2546,0.461,4.0,-3.437,0.0,7.857,1.0,Aromatic
486,S,G,-0.3185,0.1425,4.0,-1.741,0.6628,7.286,1.0,Special
486,S,H,0.3451,0.03553,2.5,-3.233,0.0,5.0,1.0,Positive
486,S,N,0.3056,0.2042,4.0,-3.469,0.0,13.43,1.0,Hydrophilic
486,S,Q,-0.09374,0.9843,3.0,-3.423,0.0,7.286,1.0,Hydrophilic
486,S,T,-0.7991,1.012,5.5,-2.924,0.08844,8.143,1.0,Hydrophilic
487,R,A,0.22,0.407,2.5,-3.463,0.0,8.0,1.0,Hydrophobic
487,R,C,-0.2424,0.157,4.5,-3.511,0.0,18.29,1.0,Special
487,R,F,-0.05697,0.03691,2.5,-3.509,0.0,5.429,1.0,Aromatic
487,R,G,1.11,1.178,2.5,-3.514,0.0,7.0,1.0,Special
487,R,H,0.07984,0.3407,7.5,-3.143,0.0,22.0,1.0,Positive
487,R,L,0.7583,0.01088,4.0,-2.958,0.0,6.571,1.0,Hydrophobic
487,R,M,0.3133,0.5169,2.5,-3.098,0.2801,5.143,1.0,Hydrophobic
487,R,P,0.857,1.167,3.5,-3.085,0.237,6.286,1.0,Special
487,R,S,0.0393,0.2711,5.5,-3.317,0.0,11.57,1.0,Hydrophilic
487,R,Y,0.7547,0.6263,2.5,-3.434,0.0,4.0,1.0,Aromatic
488,P,G,0.07304,0.1806,4.0,-3.337,0.0,5.857,1.0,Special
488,P,K,-0.1096,0.1332,3.0,-2.409,0.3489,5.857,1.0,Positive
488,P,L,-0.02087,0.3806,7.5,-3.401,0.0,16.0,1.0,Hydrophobic
488,P,Q,-0.1713,0.1345,4.0,-3.276,0.0,8.571,1.0,Hydrophilic
488,P,R,0.2836,0.5058,2.5,-2.804,0.0,4.857,1.0,Positive
488,P,S,-0.892,0.004134,6.5,-1.728,0.3135,12.71,1.0,Hydrophilic
488,P,V,0.1766,1.853,2.5,-1.861,0.9499,4.0,1.0,Hydrophobic
488,P,Y,0.3235,0.6042,2.5,-2.928,0.0,5.857,1.0,Aromatic
489,G,C,0.5876,0.3551,4.0,-3.334,0.0,8.571,1.0,Special
489,G,D,0.0136,0.07708,6.0,-3.22,0.0,14.0,1.0,Negative
489,G,E,0.2132,0.1157,4.5,-3.338,0.0,5.857,1.0,Negative
489,G,L,0.5815,0.1981,3.0,-3.08,0.0,7.429,1.0,Hydrophobic
489,G,M,0.8636,1.233,4.0,-2.894,0.2283,8.571,1.0,Hydrophobic
489,G,N,-0.02247,0.1751,3.5,-3.241,0.0,6.857,1.0,Hydrophilic
489,G,R,0.1883,0.7438,2.5,-3.225,0.0,5.429,1.0,Positive
489,G,S,-0.1945,0.0321,9.0,-3.299,0.0,15.43,1.0,Hydrophilic
489,G,T,-0.3576,0.3849,4.5,-3.494,0.0,6.714,1.0,Hydrophilic
489,G,W,0.3746,0.2237,2.5,-3.191,0.0,6.857,1.0,Aromatic
490,Q,E,0.8442,1.484,2.5,-3.387,0.0,7.286,1.0,Negative
490,Q,H,-0.7959,0.7223,4.0,-3.489,0.0,8.714,1.0,Positive
490,Q,K,0.7119,0.07168,3.5,-3.366,0.0,11.0,1.0,Positive
490,Q,N,-0.8874,1.272,3.5,-3.303,0.0,7.0,1.0,Hydrophilic
490,Q,R,-0.9006,0.4897,4.0,-2.815,0.04611,8.571,1.0,Positive
490,Q,V,-0.1777,0.05656,3.5,-3.095,0.0,6.571,1.0,Hydrophobic
491,S,D,0.1714,0.1103,3.5,-3.275,0.0,8.714,1.0,Negative
491,S,M,-0.6267,0.3668,3.0,-3.301,0.0,6.429,1.0,Hydrophobic
491,S,Q,-0.5379,1.291,4.0,-3.378,0.0,8.286,1.0,Hydrophilic
491,S,V,-0.1735,0.6813,6.5,-3.304,0.0,9.286,1.0,Hydrophobic
492,Q,D,-0.4951,0.5995,2.5,-3.378,0.0,6.286,1.0,Negative
492,Q,E,-0.9242,0.4016,2.5,-2.629,0.147,7.571,1.0,Negative
493,C,E,-0.09835,0.2177,3.5,-3.216,0.0,8.0,1.0,Negative
493,C,F,0.517,0.724,4.0,-3.471,0.0,12.29,1.0,Aromatic
493,C,G,0.1314,0.1687,4.0,-3.309,0.0,8.429,1.0,Special
493,C,H,0.3577,0.4253,2.5,-3.343,0.0,8.143,1.0,Positive
493,C,I,0.678,1.178,2.5,-2.967,0.133,7.429,1.0,Hydrophobic
493,C,K,-0.2279,0.1694,3.0,-3.15,0.0,7.857,1.0,Positive
493,C,N,0.3085,0.4753,2.5,-2.765,0.1538,6.571,1.0,Hydrophilic
493,C,P,-0.3141,0.2543,3.5,-3.461,0.0,7.143,1.0,Special
493,C,Q,0.2104,0.283,3.5,-2.514,0.9842,5.143,1.0,Hydrophilic
493,C,R,0.1694,0.4438,5.5,-3.479,0.0,12.29,1.0,Positive
493,C,S,0.4811,0.8795,2.5,-3.226,0.0,8.286,1.0,Hydrophilic
494,P,E,0.3302,0.6098,2.5,-3.417,0.0,7.286,1.0,Negative
494,P,F,-0.05057,0.4537,2.5,-2.918,0.7125,4.571,1.0,Aromatic
494,P,H,0.1072,0.1379,4.0,-3.205,0.0,8.286,1.0,Positive
494,P,I,0.01696,0.1038,3.0,-3.326,0.0,6.286,1.0,Hydrophobic
494,P,K,-0.1242,0.6116,4.0,-3.299,0.0,7.714,1.0,Positive
494,P,L,0.8568,0.2981,3.0,-3.369,0.0,14.0,1.0,Hydrophobic
494,P,Q,-0.4787,0.3048,4.0,-2.421,0.487,6.0,1.0,Hydrophilic
494,P,V,0.2822,0.163,4.5,-3.476,0.0,7.286,1.0,Hydrophobic
494,P,W,0.06315,0.9379,4.5,-3.346,0.0,9.286,1.0,Aromatic
494,P,Y,0.6063,0.00619,4.5,-3.363,0.0,7.429,1.0,Aromatic
495,R,C,0.216,0.7521,4.0,-3.477,0.0,13.43,1.0,Special
495,R,E,0.8222,1.585,3.5,-3.251,0.0,5.857,1.0,Negative
495,R,I,-0.02138,0.08169,2.5,-3.332,0.0,6.286,1.0,Hydrophobic
495,R,K,-0.2067,0.4404,2.5,-1.762,0.6204,5.571,1.0,Positive
495,R,L,0.6345,0.08353,6.0,-3.421,0.0,15.86,1.0,Hydrophobic
495,R,M,-0.5679,0.0237,4.0,-2.223,0.3084,8.143,1.0,Hydrophobic
495,R,S,-0.5409,0.3912,6.0,-1.808,0.4479,6.857,1.0,Hydrophilic
495,R,T,0.3793,0.4272,3.0,-3.329,0.0,6.0,1.0,Hydrophilic
496,F,D,-0.138,0.7229,4.5,-1.819,0.5391,5.429,1.0,Negative
496,F,E,-0.4073,0.4339,5.0,-2.514,0.229,8.857,1.0,Negative
496,F,I,-0.2791,0.5651,4.0,-3.052,0.0,8.143,1.0,Hydrophobic
496,F,N,-0.4784,1.065,3.0,-2.43,0.1867,6.714,1.0,Hydrophilic
497,N,C,-0.6101,0.3177,4.0,-1.973,0.4077,5.0,1.0,Special
497,N,D,0.7259,1.041,4.5,-3.538,0.0,12.29,1.0,Negative
497,N,E,-0.4711,0.839,4.0,-1.761,0.3867,6.714,1.0,Negative
497,N,F,-1.004,0.6651,5.5,-2.383,0.1657,6.571,1.0,Aromatic
497,N,L,-0.05945,1.175,3.5,-2.14,0.8479,3.571,1.0,Hydrophobic
497,N,M,-0.7311,0.378,6.5,-1.886,0.4474,8.143,1.0,Hydrophobic
497,N,R,-0.9042,0.3608,4.5,-2.458,0.1682,5.857,1.0,Positive
499,C,F,0.1775,0.6158,5.0,-3.347,0.0,10.43,1.0,Aromatic
499,C,N,-0.1038,0.04381,3.5,-3.523,0.0,8.429,1.0,Hydrophilic
499,C,R,-0.0002735,0.5491,4.5,-3.48,0.0,16.14,1.0,Positive
499,C,Y,0.41,0.5166,7.5,-3.373,0.0,19.86,1.0,Aromatic
500,P,A,-0.06188,0.2396,3.5,-2.161,0.6807,4.571,1.0,Hydrophobic
500,P,E,0.1027,0.04754,3.0,-3.029,0.0,4.857,1.0,Negative
500,P,G,0.4639,0.1336,5.5,-3.519,0.0,9.143,1.0,Special
500,P,H,-0.2452,0.2758,2.5,-3.084,0.2812,8.429,1.0,Positive
500,P,L,-0.2002,0.6644,6.0,-3.332,0.0,14.86,1.0,Hydrophobic
500,P,M,1.417,1.871,2.5,-3.31,0.0,9.286,1.0,Hydrophobic
500,P,Q,0.869,1.17,2.5,-3.443,0.0,7.286,1.0,Hydrophilic
500,P,R,-0.1766,1.276,2.5,-3.005,0.2026,5.714,1.0,Positive
500,P,T,0.1402,0.1901,4.0,-3.331,0.0,6.429,1.0,Hydrophilic
500,P,V,-0.3951,0.7626,4.5,-3.186,0.0,8.143,1.0,Hydrophobic
500,P,W,0.01301,0.1118,4.5,-3.215,0.0,7.143,1.0,Aromatic
501,E,C,-1.043,0.3328,6.0,-2.728,0.0,7.857,1.0,Special
501,E,D,-1.235,0.7382,4.0,-2.371,0.4768,4.857,1.0,Negative
501,E,G,-0.9323,1.204,5.583,-2.595,0.2646,9.0,1.0,Special
501,E,I,-1.037,0.1433,3.0,-3.243,0.0,5.571,1.0,Hydrophobic
501,E,K,-0.6528,0.7156,17.5,-2.55,0.0,27.86,1.0,Positive
501,E,L,-0.3017,0.2332,4.5,-3.398,0.0,7.0,1.0,Hydrophobic
501,E,M,-1.123,0.6802,4.5,-1.881,0.3646,5.0,1.0,Hydrophobic
501,E,R,-0.6276,0.8453,3.0,-1.879,0.4139,5.429,1.0,Positive
501,E,T,-1.598,0.1835,4.0,-2.17,0.2141,6.143,1.0,Hydrophilic
501,E,V,-0.8117,0.8325,5.0,-2.725,0.2147,7.857,1.0,Hydrophobic
501,E,W,-0.8768,0.1429,6.5,-1.513,0.5313,6.857,1.0,Aromatic
502,I,C,-0.4276,0.5343,5.5,-2.025,0.8365,7.0,1.0,Special
503,C,E,-0.3265,0.7642,3.0,-3.491,0.0,6.143,1.0,Negative
503,C,F,1.261,1.926,4.0,-3.246,0.0,13.71,1.0,Aromatic
503,C,G,-0.6789,1.13,2.5,-3.524,0.0,8.571,1.0,Special
503,C,H,0.6655,1.076,3.5,-3.2,0.0,7.429,1.0,Positive
503,C,K,0.3643,0.2592,3.0,-3.364,0.0,8.714,1.0,Positive
503,C,L,-0.03137,0.0199,2.5,-2.778,0.8009,6.714,1.0,Hydrophobic
503,C,M,0.2018,0.1642,3.0,-3.352,0.0,7.286,1.0,Hydrophobic
503,C,S,-0.1601,0.008615,3.0,-3.541,0.0,10.43,1.0,Hydrophilic
503,C,T,-0.7989,1.283,3.5,-3.136,0.0,6.714,1.0,Hydrophilic
503,C,W,0.9543,0.9798,2.5,-3.19,0.0,6.571,1.0,Aromatic
503,C,Y,0.5347,0.7244,4.0,-3.342,0.0,12.29,1.0,Aromatic
504,W,A,-0.7037,0.0005939,3.5,-3.219,0.0,5.857,1.0,Hydrophobic
504,W,C,-0.1196,0.1517,4.0,-3.468,0.0,10.43,1.0,Special
504,W,D,0.1836,0.558,3.5,-3.239,0.0,7.0,1.0,Negative
504,W,E,0.0458,0.02159,2.5,-2.984,0.0,5.143,1.0,Negative
504,W,F,-1.226,0.495,2.5,-3.194,0.0,5.143,1.0,Aromatic
504,W,G,0.6484,0.8013,2.5,-3.34,0.0,8.429,1.0,Special
504,W,L,0.1198,0.002886,4.0,-3.38,0.0,10.0,1.0,Hydrophobic
504,W,Q,0.07809,0.6645,2.5,-3.235,0.0,7.429,1.0,Hydrophilic
504,W,V,-0.9163,0.749,5.0,-3.289,0.0,8.857,1.0,Hydrophobic
505,E,A,-0.6637,0.6357,2.5,-3.548,0.0,9.714,1.0,Hydrophobic
505,E,D,0.419,0.3842,3.5,-3.349,0.0,10.71,1.0,Negative
505,E,G,0.7846,0.9753,4.0,-3.385,0.0,8.429,1.0,Special
505,E,H,1.056,1.914,2.5,-2.748,0.628,4.714,1.0,Positive
505,E,I,0.572,0.5452,2.5,-3.084,0.0,5.571,1.0,Hydrophobic
505,E,K,-0.2492,0.4912,2.5,-3.274,0.0,10.43,1.0,Positive
505,E,N,-0.02113,0.4067,2.5,-2.781,0.4269,4.857,1.0,Hydrophilic
505,E,P,0.01499,0.02865,2.5,-2.662,0.8451,5.429,1.0,Special
505,E,Q,0.1822,0.7257,2.5,-2.894,0.0,5.286,1.0,Hydrophilic
505,E,V,1.071,1.215,3.0,-3.494,0.0,6.429,1.0,Hydrophobic
505,E,Y,-0.5382,0.8468,3.5,-3.227,0.0,5.143,1.0,Aromatic
506,G,C,0.4722,0.6887,3.0,-3.077,0.0,6.286,1.0,Special
506,G,D,-0.1365,0.7281,4.0,-3.179,0.0,6.429,1.0,Negative
506,G,E,0.002502,0.1488,7.0,-3.384,0.0,12.86,1.0,Negative
506,G,K,0.3467,0.6147,2.5,-2.972,0.0,4.143,1.0,Positive
506,G,L,0.125,0.1068,4.0,-3.316,0.0,7.143,1.0,Hydrophobic
506,G,M,0.1998,0.2133,5.0,-3.139,0.08996,8.429,1.0,Hydrophobic
506,G,R,0.5413,0.4085,8.5,-3.228,0.0,22.86,1.0,Positive
506,G,T,0.5719,0.9215,4.5,-2.89,0.3432,9.286,1.0,Hydrophilic
506,G,V,-0.2077,0.441,4.5,-3.308,0.0,10.43,1.0,Hydrophobic
506,G,W,-0.2332,0.3154,3.5,-2.615,0.08167,4.857,1.0,Aromatic
507,V,D,-0.2374,0.4984,3.5,-3.355,0.0,7.714,1.0,Negative
507,V,H,0.1346,0.3155,3.0,-3.215,0.0,4.714,1.0,Positive
507,V,P,-0.1937,0.3046,4.0,-3.14,0.0,6.0,1.0,Special
507,V,R,-0.1367,0.1309,2.5,-3.172,0.0,6.0,1.0,Positive
507,V,S,-1.086,0.7298,2.5,-2.416,0.426,7.429,1.0,Hydrophilic
507,V,W,0.1389,0.1101,2.5,-3.064,0.0,6.857,1.0,Aromatic
508,Y,C,0.1767,0.6821,3.0,-2.718,0.0771,10.29,1.0,Special
508,Y,K,-0.1999,0.1933,3.0,-2.842,0.8475,5.571,1.0,Positive
509,N,H,-0.5644,0.6211,4.0,-2.451,0.3193,5.714,1.0,Positive
509,N,R,0.2575,0.07152,2.5,-2.823,0.05292,5.143,1.0,Positive
510,D,A,-0.004585,0.03876,4.0,-3.113,0.009449,7.143,1.0,Hydrophobic
510,D,L,0.1728,0.1102,3.0,-3.372,0.0,6.714,1.0,Hydrophobic
510,D,N,0.4178,0.6595,12.0,-3.459,0.0,25.57,1.0,Hydrophilic
510,D,Q,1.178,0.3441,3.0,-3.119,0.0,6.0,1.0,Hydrophilic
510,D,S,-0.22,0.3081,3.5,-2.987,0.03477,4.571,1.0,Hydrophilic
510,D,V,-0.2572,0.2032,4.5,-3.309,0.0,8.429,1.0,Hydrophobic
511,A,D,-0.06547,0.03373,7.0,-2.207,0.4515,11.14,1.0,Negative
511,A,R,-0.03201,0.09604,2.5,-2.911,0.0,5.429,1.0,Positive
511,A,S,-0.1039,0.0676,3.0,-3.427,0.0,8.286,1.0,Hydrophilic
511,A,T,0.08478,0.2847,4.0,-3.421,0.0,14.14,1.0,Hydrophilic
511,A,W,0.3293,0.9144,2.5,-3.349,0.0,5.0,1.0,Aromatic
512,F,D,0.2993,0.5084,2.5,-2.311,0.1428,6.143,1.0,Negative
512,F,K,0.06646,0.6857,3.5,-2.114,0.1633,7.429,1.0,Positive
512,F,P,-0.06525,0.1698,3.0,-3.089,0.0,5.714,1.0,Special
512,F,R,-0.4501,0.7294,4.0,-3.265,0.0,5.857,1.0,Positive
513,L,D,0.04884,0.2659,3.5,-3.321,0.0,6.143,1.0,Negative
513,L,F,-0.4846,0.3127,7.0,-1.701,0.6631,10.14,1.0,Aromatic
513,L,W,-0.08466,0.1628,3.5,-3.331,0.0,8.714,1.0,Aromatic
514,I,D,0.6015,0.6459,3.5,-2.946,0.8084,6.286,1.0,Negative
514,I,E,0.7462,1.077,3.5,-3.079,0.0,6.571,1.0,Negative
514,I,G,-0.07213,0.0289,2.5,-2.979,0.0,4.429,1.0,Special
514,I,K,-0.03016,0.01046,4.0,-3.255,0.0,7.857,1.0,Positive
514,I,N,0.7821,0.7699,4.0,-3.004,0.5832,7.571,1.0,Hydrophilic
514,I,R,0.04992,0.09689,3.5,-2.819,0.947,5.714,1.0,Positive
514,I,S,0.4639,0.1726,3.5,-3.129,0.3765,8.857,1.0,Hydrophilic
514,I,T,0.6396,1.199,3.5,-3.016,0.0,7.714,1.0,Hydrophilic
515,D,M,-0.3421,0.08849,4.0,-2.689,0.007181,7.571,1.0,Hydrophobic
515,D,P,-0.2207,0.1493,3.0,-2.747,0.7055,5.857,1.0,Special
515,D,V,0.7549,1.34,3.0,-3.476,0.0,7.143,1.0,Hydrophobic
515,D,W,-0.07112,0.08924,3.5,-2.19,0.3625,5.143,1.0,Aromatic
515,D,Y,-0.1608,0.01173,8.0,-1.693,0.5309,13.43,1.0,Aromatic
520,I,D,0.5394,0.008008,2.5,-3.386,0.0,8.714,1.0,Negative
520,I,H,-0.4923,0.74,5.5,-1.964,0.297,7.286,1.0,Positive
520,I,Q,0.8316,0.3929,3.5,-3.228,0.0,8.571,1.0,Hydrophilic
520,I,R,-0.09693,0.01378,2.5,-3.028,0.0,6.857,1.0,Positive
520,I,W,-0.4364,0.4821,4.0,-1.844,0.2866,6.0,1.0,Aromatic
521,S,I,-0.0351,0.1182,3.0,-1.599,0.899,3.857,1.0,Hydrophobic
521,S,K,0.09834,0.0497,2.5,-3.415,0.0,7.143,1.0,Positive
522,A,E,0.5168,0.1683,5.5,-3.261,0.0,12.14,1.0,Negative
522,A,L,-0.2956,0.6286,3.5,-1.574,0.4215,6.0,1.0,Hydrophobic
522,A,Q,0.1505,0.2537,3.0,-3.393,0.0,6.429,1.0,Hydrophilic
523,G,D,0.41,0.002426,8.0,-3.283,0.0,18.71,1.0,Negative
523,G,H,0.2853,1.283,3.0,-3.414,0.0,6.143,1.0,Positive
523,G,Q,-0.4178,0.2665,4.0,-2.602,0.2079,6.143,1.0,Hydrophilic
524,V,D,0.3563,0.1242,4.0,-3.301,0.0,7.143,1.0,Negative
524,V,G,-0.4774,0.5546,4.5,-3.297,0.0,11.71,1.0,Special
524,V,H,0.3565,0.3425,2.5,-3.247,0.0,8.0,1.0,Positive
524,V,K,0.1394,0.294,2.5,-3.308,0.0,6.571,1.0,Positive
524,V,N,0.07785,0.09148,4.5,-3.429,0.0,13.29,1.0,Hydrophilic
524,V,P,0.1022,0.1973,5.5,-2.985,0.1021,9.857,1.0,Special
524,V,Y,0.02643,0.004515,4.0,-2.779,0.1232,6.429,1.0,Aromatic
526,L,F,0.7878,0.5965,7.0,-3.469,0.0,16.29,1.0,Aromatic
526,L,G,-0.6194,0.8897,4.5,-3.407,0.0,8.143,1.0,Special
526,L,H,-0.9222,1.773,2.5,-3.204,0.0,5.429,1.0,Positive
526,L,K,-0.4259,0.7591,3.5,-3.441,0.0,7.857,1.0,Positive
526,L,M,-0.5757,0.4496,3.5,-3.204,0.0,7.571,1.0,Hydrophobic
526,L,N,-0.2014,0.4047,2.5,-3.363,0.0,7.143,1.0,Hydrophilic
526,L,Q,-0.9196,0.06309,2.5,-3.102,0.0,5.571,1.0,Hydrophilic
526,L,R,0.2607,1.012,3.5,-3.018,0.0,5.0,1.0,Positive
526,L,S,0.0308,0.09881,3.0,-3.37,0.0,8.0,1.0,Hydrophilic
526,L,W,-0.2459,0.7806,4.0,-3.105,0.0824,6.429,1.0,Aromatic
528,S,D,0.1469,0.9782,2.5,-3.503,0.0,7.429,1.0,Negative
528,S,E,0.2256,0.1862,3.5,-3.29,0.0,8.143,1.0,Negative
528,S,F,-0.4303,1.133,6.0,-2.066,0.6869,6.286,1.0,Aromatic
528,S,G,-0.3849,0.203,4.0,-3.385,0.0,9.286,1.0,Special
528,S,I,0.1707,1.084,5.5,-2.822,0.0,10.71,1.0,Hydrophobic
528,S,L,0.4185,0.9713,3.0,-3.394,0.0,8.714,1.0,Hydrophobic
528,S,N,-0.6979,0.774,14.5,-2.438,0.1688,26.86,1.0,Hydrophilic
528,S,P,-0.2186,0.3864,2.5,-3.185,0.0,6.714,1.0,Special
528,S,Y,-0.2208,0.1587,2.5,-2.134,0.3223,3.286,1.0,Aromatic
529,N,C,-0.4394,0.6615,3.0,-2.147,0.4045,5.0,1.0,Special
529,N,G,-0.304,0.2085,4.5,-2.614,0.1098,8.286,1.0,Special
529,N,I,-1.155,0.933,3.0,-2.842,0.0,5.286,1.0,Hydrophobic
529,N,L,-0.9972,0.9808,3.5,-2.477,0.9784,5.571,1.0,Hydrophobic
529,N,P,-0.3647,0.5564,5.0,-2.85,0.04498,10.14,1.0,Special
529,N,R,-0.5022,0.2689,4.0,-1.6,0.6564,5.571,1.0,Positive
529,N,T,-0.6351,0.3869,4.0,-2.861,0.1127,7.143,1.0,Hydrophilic
529,N,V,0.1495,0.03666,2.5,-2.897,0.2616,5.571,1.0,Hydrophobic
529,N,W,-1.217,1.345,4.0,-2.643,0.1716,5.571,1.0,Aromatic
530,Q,I,-0.6555,1.043,2.5,-3.07,0.2139,4.429,1.0,Hydrophobic
530,Q,K,-0.004842,0.6976,5.0,-3.36,0.0,12.0,1.0,Positive
530,Q,N,-0.6423,0.8134,5.5,-1.916,0.4585,8.857,1.0,Hydrophilic
530,Q,P,0.8266,0.4464,2.5,-2.857,0.0,4.571,1.0,Special
530,Q,R,0.6183,0.8419,3.0,-3.477,0.0,10.43,1.0,Positive
530,Q,S,0.03709,0.1192,2.5,-2.984,0.1293,5.429,1.0,Hydrophilic
530,Q,T,-0.6084,0.8013,4.0,-2.069,0.2532,6.714,1.0,Hydrophilic
531,T,A,0.07164,0.02688,3.0,-3.331,0.0,7.571,1.0,Hydrophobic
531,T,D,-0.1667,0.2448,4.5,-3.008,0.0,10.29,1.0,Negative
531,T,E,1.046,0.4776,2.5,-3.326,0.0,8.429,1.0,Negative
531,T,H,-0.003008,0.5323,3.5,-3.213,0.0,5.857,1.0,Positive
531,T,K,-0.5082,0.6801,3.5,-2.941,0.03515,7.714,1.0,Positive
531,T,L,-0.3179,0.2525,3.5,-2.792,0.1032,5.571,1.0,Hydrophobic
531,T,M,1.029,0.6515,3.0,-3.507,0.0,10.57,1.0,Hydrophobic
531,T,N,0.8074,1.056,2.5,-3.054,0.0,4.571,1.0,Hydrophilic
531,T,W,0.4291,0.3876,4.0,-3.129,0.0,9.143,1.0,Aromatic
532,A,C,-0.04325,0.5881,4.5,-1.728,0.3575,8.286,1.0,Special
532,A,D,1.358,0.016,3.5,-3.115,0.0,7.143,1.0,Negative
532,A,E,0.4194,0.6236,3.5,-3.031,0.0,8.286,1.0,Negative
532,A,H,-0.09225,0.5006,2.5,-2.697,0.8498,6.714,1.0,Positive
532,A,I,-0.05479,0.3149,2.5,-3.328,0.0,5.714,1.0,Hydrophobic
532,A,K,0.5695,0.3045,2.5,-3.016,0.0,6.0,1.0,Positive
532,A,P,0.3346,0.4775,4.5,-3.381,0.0,8.571,1.0,Special
532,A,Q,-0.2202,0.6866,3.0,-3.287,0.0,6.286,1.0,Hydrophilic
532,A,R,0.9428,0.1268,2.5,-2.905,0.03666,6.714,1.0,Positive
532,A,T,0.2598,0.4104,7.5,-3.53,0.0,24.43,1.0,Hydrophilic
532,A,V,0.02732,0.01212,4.5,-3.543,0.0,16.14,1.0,Hydrophobic
532,A,Y,0.4917,1.026,3.0,-2.484,0.4383,5.571,1.0,Aromatic
533,E,C,0.6786,0.6583,2.5,-2.98,0.2098,4.429,1.0,Special
533,E,D,-0.3249,0.3378,3.0,-3.327,0.0,6.429,1.0,Negative
533,E,F,0.1089,0.1951,5.0,-3.094,0.0,8.429,1.0,Aromatic
533,E,G,0.1579,0.2429,3.0,-3.198,0.0,5.143,1.0,Special
533,E,H,0.248,1.219,2.5,-2.824,0.6287,6.429,1.0,Positive
533,E,K,-0.09634,0.1971,5.5,-3.334,0.0,17.71,1.0,Positive
533,E,L,-0.4028,0.03616,3.5,-3.162,0.0,7.429,1.0,Hydrophobic
533,E,N,-0.1831,0.4947,4.0,-3.394,0.0,8.286,1.0,Hydrophilic
533,E,P,-0.3733,0.5325,2.5,-2.968,0.04384,5.0,1.0,Special
533,E,R,0.5188,0.1774,2.5,-3.094,0.0,4.857,1.0,Positive
533,E,Y,-0.4025,0.4881,3.0,-3.236,0.0,8.571,1.0,Aromatic
534,N,G,-0.8891,0.5332,3.5,-1.624,0.7498,6.143,1.0,Special
534,N,I,-0.2523,0.1384,3.0,-3.366,0.0,9.429,1.0,Hydrophobic
534,N,P,-0.3471,0.3915,3.5,-3.333,0.0,9.0,1.0,Special
534,N,V,0.7848,1.429,2.5,-3.425,0.0,6.571,1.0,Hydrophobic
535,P,D,-0.01607,0.4624,3.0,-3.039,0.4009,9.0,1.0,Negative
535,P,E,0.4939,0.1775,3.0,-3.38,0.0,7.571,1.0,Negative
535,P,F,1.258,0.006089,2.5,-3.181,0.0,6.0,1.0,Aromatic
535,P,H,0.4558,0.1442,2.5,-3.233,0.0,5.571,1.0,Positive
535,P,L,-0.05982,0.5683,6.0,-3.532,0.0,16.43,1.0,Hydrophobic
535,P,M,0.5318,0.8767,3.0,-2.581,0.9333,4.571,1.0,Hydrophobic
535,P,N,1.669,1.313,2.5,-3.511,0.0,8.429,1.0,Hydrophilic
535,P,Q,0.0002186,0.4988,3.5,-3.407,0.0,9.857,1.0,Hydrophilic
535,P,T,0.07687,0.07318,3.0,-3.419,0.0,7.714,1.0,Hydrophilic
535,P,W,-0.1672,0.5941,2.5,-3.099,0.0,5.286,1.0,Aromatic
536,V,P,-0.07772,0.2271,2.5,-2.791,0.6369,5.714,1.0,Special
537,F,H,0.26,0.2782,2.5,-3.299,0.0,6.143,1.0,Positive
537,F,K,0.1618,0.855,3.0,-3.433,0.0,10.0,1.0,Positive
537,F,P,0.8037,0.2207,3.5,-3.185,0.0,8.571,1.0,Special
537,F,Q,2.32,0.8286,2.5,-2.726,0.5253,7.0,1.0,Hydrophilic
537,F,R,1.204,1.625,3.5,-3.154,0.3111,7.286,1.0,Positive
537,F,S,-0.2491,0.4424,2.5,-3.373,0.0,7.143,1.0,Hydrophilic
537,F,T,-0.006592,0.1921,2.5,-2.543,0.4131,6.143,1.0,Hydrophilic
539,V,D,0.922,0.804,2.5,-3.143,0.0,4.714,1.0,Negative
539,V,F,0.192,0.366,7.5,-2.402,0.308,11.0,1.0,Aromatic
539,V,N,-0.2349,0.15,2.5,-2.552,0.9429,3.857,1.0,Hydrophilic
540,F,E,-0.08949,0.1416,4.5,-3.338,0.0,7.0,1.0,Negative
540,F,G,-0.1121,0.142,6.0,-1.573,0.3844,7.714,1.0,Special
540,F,K,-0.1195,0.4282,2.5,-3.049,0.0,4.571,1.0,Positive
540,F,Q,-0.5113,0.4783,4.5,-2.174,0.6487,6.143,1.0,Hydrophilic
540,F,R,0.03564,0.08225,2.5,-3.267,0.0,3.857,1.0,Positive
541,K,P,0.06139,0.1139,3.0,-3.223,0.0,8.571,1.0,Special
542,D,F,-0.2547,0.2027,5.0,-2.835,0.0,7.286,1.0,Aromatic
542,D,Y,0.2109,0.1182,5.5,-2.097,0.062,10.43,1.0,Aromatic
544,E,P,0.1006,0.8627,3.5,-3.262,0.0,5.571,1.0,Special
546,L,E,0.2678,0.2306,3.5,-3.183,0.0,6.857,1.0,Negative
546,L,N,-0.1055,0.003507,3.0,-2.954,0.0,6.143,1.0,Hydrophilic
546,L,P,-0.09,0.1169,2.5,-3.357,0.0,8.571,1.0,Special
547,Y,D,0.5743,0.7402,4.0,-2.902,0.0,8.429,1.0,Negative
547,Y,E,-0.3428,0.4498,6.0,-2.736,0.0,11.29,1.0,Negative
547,Y,K,-0.1184,0.3101,6.0,-2.78,0.0,9.143,1.0,Positive
547,Y,R,-0.3456,1.067,4.5,-3.182,0.0,8.0,1.0,Positive
549,A,P,-0.1005,0.3429,2.5,-3.242,0.0,8.714,1.0,Special
551,L,K,0.03818,0.06069,2.5,-2.005,0.8641,2.857,1.0,Positive
551,L,P,-0.4506,1.102,3.5,-3.281,0.0,8.571,1.0,Special
551,L,Q,0.4557,0.6917,4.0,-3.277,0.0,6.714,1.0,Hydrophilic
551,L,R,0.3311,0.1508,4.0,-3.445,0.0,7.571,1.0,Positive
551,L,T,-0.6454,0.9563,3.0,-1.967,0.7421,6.286,1.0,Hydrophilic
551,L,W,-0.01156,0.4364,3.5,-1.946,0.3609,5.429,1.0,Aromatic
552,A,C,0.07824,0.06104,4.0,-3.036,0.02797,8.429,1.0,Special
552,A,E,-0.1917,0.5382,3.5,-2.327,0.1898,4.429,1.0,Negative
552,A,F,-0.4861,0.7404,2.5,-2.683,0.8482,5.286,1.0,Aromatic
552,A,M,-0.5025,0.4978,3.0,-2.381,0.2218,4.143,1.0,Hydrophobic
552,A,T,0.04265,0.0725,8.5,-3.245,0.0,21.0,1.0,Hydrophilic
552,A,V,-0.2944,0.1659,10.5,-2.735,0.0,15.71,1.0,Hydrophobic
556,T,I,-0.2249,0.09085,5.0,-3.418,0.0,14.29,1.0,Hydrophobic
556,T,W,-0.05865,0.6158,2.5,-2.841,0.9719,5.143,1.0,Aromatic
557,N,D,-0.163,0.4479,4.0,-3.458,0.0,10.29,1.0,Negative
557,N,F,0.1426,0.3251,2.5,-3.188,0.0,4.0,1.0,Aromatic
557,N,H,0.1652,1.059,4.0,-3.262,0.0,5.857,1.0,Positive
557,N,L,-0.9068,1.087,2.5,-2.809,0.06614,4.0,1.0,Hydrophobic
557,N,W,-0.1511,0.1107,3.0,-3.355,0.0,6.286,1.0,Aromatic
558,A,C,-0.721,0.6544,3.5,-1.898,0.669,6.429,1.0,Special
558,A,D,0.05513,0.305,3.5,-3.322,0.0,12.29,1.0,Negative
558,A,F,0.297,0.02941,3.0,-3.031,0.2279,5.0,1.0,Aromatic
558,A,H,-0.1189,0.02234,3.0,-3.102,0.0,5.857,1.0,Positive
558,A,K,-0.04495,0.3325,3.5,-3.43,0.0,7.143,1.0,Positive
558,A,L,1.053,1.542,3.0,-3.338,0.0,4.143,1.0,Hydrophobic
558,A,N,0.2101,1.036,2.5,-3.513,0.0,6.571,1.0,Hydrophilic
558,A,R,-0.1082,0.2751,4.0,-3.348,0.0,7.0,1.0,Positive
558,A,T,-0.1868,0.302,7.5,-3.31,0.0,16.71,1.0,Hydrophilic
558,A,V,0.3407,0.4793,6.0,-3.266,0.0,16.14,1.0,Hydrophobic
559,Q,F,-0.6968,0.6702,6.5,-1.895,0.5582,6.714,1.0,Aromatic
559,Q,I,-0.5164,0.8649,4.5,-2.72,0.09449,6.286,1.0,Hydrophobic
559,Q,N,-0.01648,0.6188,3.5,-2.666,0.1731,5.143,1.0,Hydrophilic
559,Q,P,0.1416,0.3004,3.0,-2.896,0.0,7.429,1.0,Special
559,Q,T,-0.2924,0.3171,2.5,-3.431,0.0,7.286,1.0,Hydrophilic
559,Q,V,-0.374,0.06948,5.0,-2.769,0.0,8.714,1.0,Hydrophobic
559,Q,W,-0.5692,1.003,4.5,-3.387,0.0,9.571,1.0,Aromatic
560,K,D,-0.872,0.4191,2.5,-2.444,0.0828,4.857,1.0,Negative
561,T,D,-0.191,0.3027,2.5,-3.125,0.0,5.571,1.0,Negative
561,T,H,-0.3886,0.559,4.0,-3.343,0.0,8.286,1.0,Positive
561,T,M,-0.2916,0.1131,5.5,-1.575,0.4438,6.571,1.0,Hydrophobic
561,T,N,-0.3317,0.4766,2.5,-3.407,0.0,9.857,1.0,Hydrophilic
561,T,R,-0.495,0.0974,2.5,-2.802,0.0,5.0,1.0,Positive
561,T,Y,-0.2151,1.037,4.5,-3.002,0.0,7.857,1.0,Aromatic
562,I,R,1.085,1.931,3.0,-3.121,0.0,5.571,1.0,Positive
563,T,G,0.2453,0.3555,3.0,-3.027,0.0,9.429,1.0,Special
563,T,H,0.1296,0.05016,4.0,-3.142,0.0,7.857,1.0,Positive
563,T,K,-0.1183,0.1245,5.5,-3.458,0.0,7.857,1.0,Positive
563,T,M,0.8162,0.9362,4.5,-2.498,0.2899,11.0,1.0,Hydrophobic
563,T,R,0.5249,0.9127,3.0,-3.263,0.0,6.286,1.0,Positive
563,T,W,0.4534,0.5253,2.5,-3.401,0.0,8.429,1.0,Aromatic
563,T,Y,0.5064,0.3341,3.0,-3.391,0.0,7.571,1.0,Aromatic
565,C,A,-0.1841,0.2745,3.0,-1.932,0.9525,4.429,1.0,Hydrophobic
565,C,D,-0.3244,0.1817,2.5,-2.879,0.8507,5.857,1.0,Negative
565,C,G,0.2938,0.2057,2.5,-3.447,0.0,7.143,1.0,Special
565,C,Q,-0.3259,0.7097,3.0,-3.185,0.0,5.857,1.0,Hydrophilic
565,C,T,-0.02978,0.3393,2.5,-3.218,0.0,6.286,1.0,Hydrophilic
565,C,V,0.01421,0.03635,3.0,-3.091,0.000378,5.857,1.0,Hydrophobic
565,C,Y,0.6288,0.1004,5.0,-3.508,0.0,16.86,1.0,Aromatic
566,F,W,-0.1032,0.107,6.0,-1.915,0.2883,8.714,1.0,Aromatic
568,L,P,0.06754,0.01088,4.0,-3.403,0.0,12.0,1.0,Special
569,K,P,-0.1872,0.2496,6.0,-2.179,0.3971,7.0,1.0,Special
573,W,A,0.9436,0.3991,3.5,-3.003,0.0,6.429,1.0,Hydrophobic
573,W,C,0.1935,0.07781,5.0,-3.438,0.0,12.29,1.0,Special
573,W,D,1.133,1.643,2.5,-3.376,0.0,7.571,1.0,Negative
573,W,I,0.7138,0.2915,3.5,-1.852,0.9619,5.0,1.0,Hydrophobic
573,W,K,0.2575,0.8671,2.5,-3.367,0.0,5.429,1.0,Positive
573,W,L,-0.2021,0.3255,7.5,-3.237,0.0,12.0,1.0,Hydrophobic
573,W,R,0.4174,0.1267,3.0,-3.345,0.0,7.571,1.0,Positive
574,C,D,0.652,0.98,2.5,-3.308,0.0,4.429,1.0,Negative
574,C,F,0.07082,0.03679,3.5,-3.425,0.0,11.0,1.0,Aromatic
574,C,H,0.0978,0.3362,3.0,-3.366,0.0,7.714,1.0,Positive
574,C,L,0.05563,0.3007,2.5,-3.314,0.0,5.571,1.0,Hydrophobic
574,C,P,-0.5946,0.912,5.0,-3.349,0.0,7.0,1.0,Special
574,C,R,-0.08555,0.1713,3.0,-3.162,0.0,7.286,1.0,Positive
574,C,S,0.4694,0.3057,3.0,-3.237,0.0,6.857,1.0,Hydrophilic
574,C,W,0.04587,0.3382,3.0,-3.447,0.0,6.714,1.0,Aromatic
574,C,Y,0.4605,0.7115,8.5,-3.477,0.0,24.43,1.0,Aromatic
575,I,D,0.8383,1.237,3.5,-3.22,0.0,7.286,1.0,Negative
575,I,G,0.53,0.4619,2.5,-3.429,0.0,7.714,1.0,Special
575,I,K,-0.2576,0.8232,3.5,-3.334,0.0,7.857,1.0,Positive
575,I,P,0.4679,0.5747,2.5,-3.168,0.0,5.429,1.0,Special
575,I,Q,0.6944,0.9315,3.0,-2.986,0.4498,5.571,1.0,Hydrophilic
575,I,S,0.2386,0.2647,4.5,-1.817,0.3878,7.857,1.0,Hydrophilic
575,I,W,0.9013,0.3661,3.5,-3.169,0.0,6.857,1.0,Aromatic
575,I,Y,0.4949,0.6144,4.0,-1.673,0.4487,4.714,1.0,Aromatic
576,S,H,-0.2377,0.3368,5.0,-1.725,0.5156,6.286,1.0,Positive
576,S,K,-0.06997,0.7094,3.0,-3.208,0.0,5.714,1.0,Positive
576,S,P,1.013,1.235,3.5,-3.054,0.0,6.286,1.0,Special
576,S,Q,0.6024,0.6987,5.0,-3.478,0.0,9.286,1.0,Hydrophilic
576,S,Y,-0.04499,0.04037,5.5,-1.517,0.5283,8.429,1.0,Aromatic
577,L,D,0.4953,0.4326,2.5,-2.807,0.7494,5.857,1.0,Negative
577,L,K,-0.7253,1.107,3.0,-2.824,0.8784,4.286,1.0,Positive
577,L,P,0.9947,1.399,2.5,-3.433,0.0,8.143,1.0,Special
577,L,Q,0.3026,0.04598,5.0,-1.64,0.455,6.429,1.0,Hydrophilic
577,L,S,0.2918,0.4585,3.5,-1.765,0.2777,6.143,1.0,Hydrophilic
577,L,W,-0.002147,0.4383,2.5,-2.674,0.1168,4.714,1.0,Aromatic
577,L,Y,-0.8264,0.1635,3.0,-1.686,0.4306,5.857,1.0,Aromatic
578,V,E,1.127,1.109,2.5,-3.319,0.0,5.571,1.0,Negative
578,V,F,-0.7585,0.3867,4.5,-3.153,0.0,9.286,1.0,Aromatic
578,V,G,0.6741,0.05171,5.0,-2.367,0.1361,7.143,1.0,Special
578,V,K,0.06059,0.6215,3.0,-3.212,0.0,6.571,1.0,Positive
579,E,C,-0.4227,0.0002562,3.0,-3.075,0.02759,7.286,1.0,Special
579,E,D,-0.7464,0.9034,3.5,-3.31,0.0,5.429,1.0,Negative
579,E,F,0.3523,0.611,4.0,-3.467,0.0,8.571,1.0,Aromatic
579,E,G,0.2326,0.02992,7.0,-3.555,0.0,19.0,1.0,Special
579,E,K,-0.236,0.3095,12.0,-3.578,0.0,40.14,1.0,Positive
579,E,M,0.4159,1.066,2.5,-3.516,0.0,7.571,1.0,Hydrophobic
579,E,N,-0.1605,0.02291,3.0,-3.545,0.0,11.71,1.0,Hydrophilic
579,E,R,0.3932,0.1698,2.5,-3.273,0.0,4.714,1.0,Positive
579,E,S,-0.7443,0.5351,4.0,-2.97,0.8888,10.57,1.0,Hydrophilic
579,E,W,0.1922,0.2917,4.0,-3.461,0.0,8.0,1.0,Aromatic
579,E,Y,0.8926,1.699,2.5,-3.507,0.0,8.857,1.0,Aromatic
581,Y,G,1.222,1.349,3.5,-3.469,0.0,6.286,1.0,Special
581,Y,H,-0.4836,0.4421,6.083,-2.664,0.0007559,11.43,1.0,Positive
581,Y,T,1.026,0.2534,4.0,-3.518,0.0,8.143,1.0,Hydrophilic
581,Y,W,1.167,1.737,4.5,-3.451,0.0,11.0,1.0,Aromatic
582,D,P,-0.6419,0.681,3.0,-2.626,0.09789,6.286,1.0,Special
583,T,W,-1.031,1.093,2.5,-2.592,0.07762,4.0,1.0,Aromatic
584,G,C,-0.8041,0.5898,3.5,-3.389,0.0,11.71,1.0,Special
584,G,D,-0.3617,0.6861,5.5,-2.743,0.07899,14.57,1.0,Negative
584,G,E,0.4078,1.312,3.5,-3.047,0.0,6.143,1.0,Negative
584,G,F,-0.4352,0.3026,3.5,-1.747,0.4724,5.714,1.0,Aromatic
584,G,K,-0.2811,0.1358,2.5,-2.831,0.0,5.286,1.0,Positive
584,G,L,0.2234,0.3414,4.0,-2.64,0.2105,6.714,1.0,Hydrophobic
584,G,M,-0.8808,0.4585,3.5,-2.812,0.155,7.857,1.0,Hydrophobic
584,G,P,-0.9418,0.2887,3.5,-2.342,0.17,5.714,1.0,Special
584,G,Q,0.495,0.6883,3.5,-3.073,0.0,5.571,1.0,Hydrophilic
584,G,R,-0.9189,0.5768,3.0,-3.134,0.0,7.714,1.0,Positive
584,G,S,-0.8017,0.6521,16.5,-1.655,0.5153,21.57,1.0,Hydrophilic
584,G,V,-0.9329,1.504,3.0,-3.398,0.0,8.714,1.0,Hydrophobic
585,D,H,-0.1038,0.2899,4.0,-3.268,0.0,7.857,1.0,Positive
585,D,I,-0.6183,1.588,2.5,-2.865,0.04914,6.857,1.0,Hydrophobic
585,D,L,0.9906,0.1564,2.5,-3.536,0.0,7.571,1.0,Hydrophobic
585,D,M,0.2209,0.02647,3.0,-3.424,0.0,7.0,1.0,Hydrophobic
585,D,N,-0.3581,0.2601,12.5,-3.216,0.0,27.86,1.0,Hydrophilic
585,D,Q,-0.6462,0.592,2.5,-1.985,0.336,3.286,1.0,Hydrophilic
585,D,S,-1.209,1.608,3.5,-2.795,0.002646,4.286,1.0,Hydrophilic
585,D,T,-0.8143,0.8023,5.0,-3.304,0.0,9.143,1.0,Hydrophilic
585,D,V,-0.9674,0.432,4.5,-1.519,0.5811,6.0,1.0,Hydrophobic
585,D,W,-0.3147,0.5845,3.5,-3.473,0.0,7.857,1.0,Aromatic
588,I,G,-0.5218,0.3453,3.5,-2.82,0.04271,4.714,1.0,Special
588,I,L,-0.3528,0.4798,4.0,-3.375,0.0,6.0,1.0,Hydrophobic
588,I,M,0.03982,0.3502,3.5,-3.259,0.0,5.286,1.0,Hydrophobic
588,I,N,0.05343,0.297,2.5,-3.436,0.0,7.286,1.0,Hydrophilic
588,I,Q,-0.1267,0.2873,3.0,-2.798,0.2657,5.286,1.0,Hydrophilic
588,I,T,-0.8018,1.094,3.0,-3.498,0.0,6.571,1.0,Hydrophilic
589,R,C,0.8674,0.2514,13.0,-1.789,0.482,18.43,1.0,Special
590,P,F,-0.2771,0.481,4.0,-1.579,0.889,6.0,1.0,Aromatic
590,P,H,-0.6515,0.7826,2.5,-3.495,0.0,6.857,1.0,Positive
590,P,I,0.5414,1.197,3.0,-3.399,0.0,6.571,1.0,Hydrophobic
590,P,L,0.3647,1.012,6.5,-3.471,0.0,17.29,1.0,Hydrophobic
590,P,M,-0.09981,0.1736,3.0,-2.676,0.3553,4.286,1.0,Hydrophobic
590,P,Q,0.7092,0.4536,2.5,-3.475,0.0,10.29,1.0,Hydrophilic
590,P,S,-0.3355,0.4672,12.0,-1.61,0.5004,14.71,1.0,Hydrophilic
590,P,T,-0.3436,0.1898,3.0,-3.053,0.0,6.571,1.0,Hydrophilic
590,P,V,0.1047,0.1071,3.0,-3.523,0.0,10.71,1.0,Hydrophobic
590,P,W,-0.5023,0.294,3.0,-1.846,0.1613,5.143,1.0,Aromatic
590,P,Y,-0.04268,0.3921,2.5,-3.339,0.0,4.714,1.0,Aromatic
591,K,D,-0.1484,0.1051,3.5,-1.808,0.3621,4.429,1.0,Negative
591,K,E,-0.04726,0.2887,3.5,-2.853,0.0,9.857,1.0,Negative
591,K,I,-0.1801,1.065,5.0,-2.964,0.0,8.429,1.0,Hydrophobic
591,K,P,-0.3911,0.5341,2.5,-2.661,0.927,4.429,1.0,Special
591,K,V,-0.778,0.3431,2.5,-2.359,0.5136,4.286,1.0,Hydrophobic
591,K,W,-0.8364,1.082,3.0,-2.974,0.2453,4.571,1.0,Aromatic
592,L,E,0.6306,0.6496,4.0,-3.409,0.0,6.286,1.0,Negative
592,L,G,0.431,0.114,4.5,-2.39,0.1118,5.857,1.0,Special
592,L,Q,0.2941,0.2803,3.0,-3.426,0.0,7.286,1.0,Hydrophilic
593,F,A,-0.4164,1.384,3.5,-2.873,0.0,7.143,1.0,Hydrophobic
593,F,C,0.6313,0.7114,4.0,-2.997,0.05556,7.0,1.0,Special
593,F,E,0.06247,0.4296,4.5,-3.496,0.0,8.0,1.0,Negative
593,F,N,0.06424,0.2318,2.5,-3.261,0.0,5.857,1.0,Hydrophilic
593,F,R,0.9904,0.2611,2.5,-3.317,0.0,8.714,1.0,Positive
593,F,S,-4.297e-05,0.2169,5.0,-3.33,0.0,11.29,1.0,Hydrophilic
593,F,T,0.6934,1.087,5.0,-2.124,0.4887,7.286,1.0,Hydrophilic
594,A,C,0.4004,0.7118,5.5,-1.622,0.7222,8.714,1.0,Special
594,A,D,-0.01305,0.02767,3.0,-2.13,0.8613,6.143,1.0,Negative
594,A,E,-0.8486,0.3913,3.5,-3.491,0.0,13.14,1.0,Negative
594,A,I,0.5372,0.7294,4.0,-1.621,0.9028,5.0,1.0,Hydrophobic
594,A,K,-0.2296,0.4161,3.0,-3.241,0.0,5.429,1.0,Positive
594,A,N,0.4055,0.1737,4.5,-3.505,0.0,7.857,1.0,Hydrophilic
594,A,Q,0.7984,1.151,4.0,-3.482,0.0,9.571,1.0,Hydrophilic
594,A,Y,-0.01595,0.1249,4.0,-3.446,0.0,7.429,1.0,Aromatic
597,I,C,-0.4709,0.4682,2.5,-3.082,0.0,8.0,1.0,Special
597,I,E,0.05102,0.06819,2.5,-3.478,0.0,7.143,1.0,Negative
597,I,N,-0.4648,0.5954,2.5,-3.362,0.0,7.714,1.0,Hydrophilic
597,I,Y,-0.06382,0.008352,2.5,-1.979,0.6697,4.0,1.0,Aromatic
598,P,I,-0.1528,0.4931,4.0,-2.012,0.2353,5.857,1.0,Hydrophobic
598,P,W,-0.3254,0.3804,4.5,-3.04,0.0,8.143,1.0,Aromatic
598,P,Y,-0.009017,0.437,2.5,-1.946,0.5585,3.286,1.0,Aromatic
601,C,F,0.04382,0.1784,6.0,-1.667,0.6208,9.143,1.0,Aromatic
601,C,G,0.00494,0.1978,4.0,-2.047,0.3906,4.714,1.0,Special
601,C,P,-0.05954,0.1646,2.5,-1.523,0.8798,3.429,1.0,Special
