wildtype,site,mutant,times_seen,latent_phenotype_effect,functional_effect
K,100,*,1,-2.518,-1.932
K,100,A,2,-2.205,-1.656
K,100,C,1,-6.234,-3.186
K,100,D,1,-2.111,-1.57
K,100,K,,0,0
K,100,L,1,-1.644,-1.138
K,100,S,1,-2.069,-1.531
K,100,W,1,-4.617,-3.004
I,101,A,1,-4.374,-2.945
I,101,D,1,-1.772,-1.256
I,101,E,1,-4.249,-2.91
I,101,I,,0,0
I,101,M,1,-0.02955,-0.01257
I,101,T,1,-2.116,-1.575
G,102,D,1,-9.247,-3.232
G,102,F,1,-7.121,-3.214
G,102,G,,0,0
G,102,I,1,-1.279,-0.8158
G,102,N,2,-4.791,-3.039
G,102,P,1,-9.671,-3.233
G,102,S,1,-0.6993,-0.3762
G,102,T,1,-1.793,-1.275
T,103,E,1,-3.657,-2.687
T,103,G,1,3.293,0.4629
T,103,L,2,1.032,0.2955
T,103,N,1,1.244,0.3299
T,103,T,,0,0
T,103,W,1,-1.453,-0.966
E,104,A,1,-2.098,-1.558
E,104,D,1,-0.9404,-0.5458
E,104,E,,0,0
E,104,F,1,-7.86,-3.225
E,104,K,1,-2.664,-2.052
E,104,L,1,-9.274,-3.232
E,104,N,1,-1.926,-1.399
E,104,R,1,-4.016,-2.834
E,104,T,1,-0.6449,-0.3408
E,104,V,1,-1.426,-0.9427
I,105,C,2,-6.836,-3.208
I,105,D,1,-9.8,-3.233
I,105,E,2,-9.408,-3.232
I,105,F,1,-5.749,-3.157
I,105,G,1,-9.359,-3.232
I,105,I,,0,0
I,105,K,1,-5.703,-3.153
I,105,L,1,3.084,0.4582
I,105,P,1,-8.676,-3.23
I,105,V,1,3.318,0.4634
I,105,W,1,-8.856,-3.231
I,105,Y,1,-5.84,-3.163
G,106,*,2,-13.44,-3.234
G,106,A,2,2.284,0.4277
G,106,C,1,-5.217,-3.104
G,106,D,1,-4.816,-3.043
G,106,F,1,-1.21,-0.7576
G,106,G,,0,0
G,106,K,1,-2.003,-1.471
G,106,L,1,-2.016,-1.483
G,106,M,1,-4.376,-2.946
G,106,N,1,-0.7729,-0.4259
G,106,P,1,-4.893,-3.057
G,106,S,1,1.001,0.2898
G,106,T,2,-0.8951,-0.5124
G,106,V,1,-0.8041,-0.4475
P,107,E,1,-5.752,-3.157
P,107,L,1,-8.629,-3.23
P,107,M,1,-6.524,-3.198
P,107,N,1,-4.298,-2.924
P,107,P,,0,0
P,107,R,2,-11.56,-3.234
P,107,S,1,-2.679,-2.065
P,107,T,1,-3.115,-2.383
P,107,V,1,-3.541,-2.631
P,107,Y,1,-10.45,-3.233
K,108,C,1,-3.47,-2.594
K,108,E,2,-8.931,-3.231
K,108,G,2,-10.54,-3.234
K,108,K,,0,0
K,108,N,1,-5.069,-3.084
K,108,Y,1,-7.62,-3.222
V,109,D,1,-7.15,-3.215
V,109,E,1,-9.499,-3.232
V,109,L,1,-2.171,-1.625
V,109,M,3,-0.8867,-0.5063
V,109,R,1,-6.423,-3.194
V,109,V,,0,0
V,109,Y,1,-5.867,-3.165
S,110,*,1,-6.918,-3.21
S,110,I,1,-5.235,-3.106
S,110,K,1,-2.105,-1.565
S,110,M,1,-0.8706,-0.4946
S,110,S,,0,0
S,110,V,1,-1.342,-0.8697
L,111,E,1,-8.248,-3.228
L,111,G,1,-7.764,-3.224
L,111,L,,0,0
L,111,M,1,-2.229,-1.678
L,111,P,3,-5.83,-3.163
L,111,Q,1,-9.277,-3.232
L,111,R,1,-5.413,-3.127
L,111,T,1,-8.386,-3.229
L,111,W,1,-3.806,-2.753
L,111,Y,2,-6.764,-3.206
I,112,*,1,-5.406,-3.126
I,112,C,1,-7.988,-3.226
I,112,E,1,-0.9635,-0.5631
I,112,F,1,-9.535,-3.232
I,112,I,,0,0
I,112,P,1,-9.54,-3.232
I,112,Q,1,-7.049,-3.213
I,112,T,2,-5.773,-3.158
I,112,V,1,-1.151,-0.7097
I,112,W,2,-3.527,-2.624
I,112,Y,1,-7.508,-3.221
D,113,D,,0,0
D,113,E,1,-6.062,-3.177
D,113,H,1,-7.051,-3.213
D,113,K,1,-5.59,-3.144
D,113,N,2,-7.88,-3.225
D,113,S,2,-10.73,-3.234
D,113,W,1,-6.646,-3.202
D,113,Y,2,-5.039,-3.08
T,114,A,1,-0.4267,-0.2094
T,114,C,1,-5.495,-3.135
T,114,D,1,-0.6454,-0.3411
T,114,G,1,0.927,0.2758
T,114,H,1,-1.689,-1.18
T,114,I,2,-0.7495,-0.4099
T,114,K,2,-1.81,-1.291
T,114,N,1,-8.196,-3.227
T,114,Q,1,0.333,0.1237
T,114,S,1,3.63,0.4688
T,114,T,,0,0
S,115,A,1,1.789,0.3928
S,115,I,1,-7.413,-3.219
S,115,M,1,2.175,0.4214
S,115,N,2,-6.839,-3.208
S,115,R,2,-8.243,-3.228
S,115,S,,0,0
S,115,V,1,-1.299,-0.8325
S,116,A,2,0.4349,0.1555
S,116,S,,0,0
S,116,Y,1,-3.758,-2.732
T,117,D,1,-8.127,-3.227
T,117,H,1,-0.6665,-0.3548
T,117,I,1,-5.412,-3.126
T,117,Q,1,-1.03,-0.614
T,117,R,1,-8.748,-3.23
T,117,T,,0,0
I,118,A,1,-6.034,-3.176
I,118,D,1,-10.39,-3.233
I,118,E,3,-12.3,-3.234
I,118,F,1,-1.187,-0.7394
I,118,G,1,-2.978,-2.29
I,118,H,1,-0.9295,-0.5377
I,118,I,,0,0
I,118,N,1,-6.752,-3.205
I,118,Q,1,-6.504,-3.197
I,118,T,1,-6.308,-3.189
I,118,V,1,0.2481,0.09514
T,119,C,1,-4.93,-3.063
T,119,D,2,-2.027,-1.493
T,119,L,1,-1.281,-0.8177
T,119,T,,0,0
T,119,V,2,-1.125,-0.6886
I,120,E,1,-2.17,-1.625
I,120,I,,0,0
I,120,R,1,-9.303,-3.232
I,120,S,2,-10.78,-3.234
I,120,W,1,-9.925,-3.233
P,121,D,2,-14.51,-3.234
P,121,G,1,-9.661,-3.233
P,121,H,2,-9.575,-3.232
P,121,L,1,-4.471,-2.97
P,121,P,,0,0
P,121,Q,1,-5.797,-3.16
P,121,S,1,-6.902,-3.209
A,122,A,,0,0
A,122,H,1,-1.748,-1.233
A,122,I,1,-4.434,-2.961
A,122,N,2,-1.37,-0.8932
A,122,Q,3,-1.743,-1.229
A,122,R,1,-6.471,-3.196
A,122,S,1,-0.5291,-0.2689
A,122,T,1,-1.531,-1.035
A,122,V,2,-3.271,-2.481
A,122,W,3,-5.906,-3.168
N,123,C,1,-9.163,-3.232
N,123,I,2,-1.341,-0.8685
N,123,K,1,-0.1444,-0.06403
N,123,N,,0,0
N,123,P,1,-2.387,-1.818
N,123,R,2,-1.645,-1.139
N,123,T,1,-0.5908,-0.3066
N,123,V,1,-2.672,-2.059
I,124,D,2,-10.44,-3.233
I,124,E,1,0.6831,0.2225
I,124,G,1,-9.606,-3.233
I,124,I,,0,0
I,124,L,1,-0.6387,-0.3369
I,124,M,1,0.9971,0.2892
I,124,S,1,-8.609,-3.23
I,124,V,1,-1.061,-0.638
G,125,D,1,-2.41,-1.839
G,125,E,1,-5.384,-3.123
G,125,F,2,-3.499,-2.609
G,125,G,,0,0
G,125,H,2,-2.294,-1.736
G,125,L,1,-6.956,-3.211
G,125,M,1,-2.738,-2.111
G,125,N,1,-5.915,-3.168
G,125,R,1,-1.454,-0.9669
G,125,T,1,-5.531,-3.138
G,125,V,2,-5.981,-3.172
G,125,W,2,-3.121,-2.387
L,126,A,1,-5.791,-3.16
L,126,E,1,-6.709,-3.204
L,126,K,1,-10.45,-3.233
L,126,L,,0,0
L,126,M,1,1.089,0.3054
L,126,Q,2,-4.147,-2.879
L,126,R,1,-7.27,-3.217
L,126,V,1,-0.3734,-0.1798
L,126,W,2,-3.924,-2.8
L,127,A,2,-3.049,-2.339
L,127,H,1,-2.796,-2.156
L,127,L,,0,0
L,127,M,1,-0.83,-0.4657
L,127,Q,1,-6.313,-3.19
G,128,D,1,-10.09,-3.233
G,128,E,1,-3.307,-2.503
G,128,G,,0,0
G,128,I,2,-2.61,-2.009
G,128,M,1,0.6692,0.2191
G,128,R,3,-4.773,-3.035
G,128,S,1,-2.521,-1.934
G,128,V,1,-2.806,-2.163
S,129,A,1,3.759,0.4706
S,129,E,1,-6.462,-3.196
S,129,F,1,-2.42,-1.847
S,129,L,1,-7.284,-3.217
S,129,R,2,-2.271,-1.716
S,129,S,,0,0
S,129,T,1,-0.269,-0.1248
S,129,W,1,-2.606,-2.005
K,130,A,1,-2.796,-2.156
K,130,D,1,-8.654,-3.23
K,130,E,1,-4.366,-2.943
K,130,K,,0,0
K,130,L,1,-1.608,-1.105
K,130,R,1,1.275,0.3343
K,130,S,1,-8.02,-3.226
I,131,F,1,-3.934,-2.804
I,131,I,,0,0
I,131,K,1,-2.18,-1.633
I,131,N,1,-8.566,-3.229
I,131,P,2,-4.197,-2.894
I,131,S,1,-10.46,-3.233
I,131,T,1,-10,-3.233
I,131,V,1,-3.605,-2.662
S,132,D,2,-5.244,-3.107
S,132,F,2,-0.9411,-0.5463
S,132,P,2,-7.046,-3.213
S,132,Q,1,-1.895,-1.371
S,132,S,,0,0
S,132,T,1,-1.2,-0.7495
Q,133,I,1,3.047,0.4572
Q,133,K,2,-0.9108,-0.5239
Q,133,L,1,-1.072,-0.6465
Q,133,P,1,-6.266,-3.188
Q,133,Q,,0,0
Q,133,T,1,1.18,0.3201
Q,133,V,1,0.2115,0.08223
S,134,*,1,-5.383,-3.123
S,134,D,1,-2.515,-1.929
S,134,E,1,-0.8252,-0.4622
S,134,F,3,-0.8887,-0.5077
S,134,G,1,4.161,0.4748
S,134,M,1,2.724,0.4474
S,134,S,,0,0
S,134,Y,1,-1.129,-0.6915
T,135,D,1,-7.802,-3.224
T,135,E,1,-1.454,-0.9673
T,135,G,1,-2.54,-1.95
T,135,I,1,-0.3204,-0.1514
T,135,L,1,-0.8509,-0.4805
T,135,M,1,-1.168,-0.7233
T,135,R,1,-7.977,-3.226
T,135,T,,0,0
A,136,*,1,-6.497,-3.197
A,136,A,,0,0
A,136,N,1,2.523,0.4394
A,136,P,1,-5.757,-3.157
A,136,S,2,-0.5126,-0.2591
A,136,T,1,-0.2592,-0.1199
A,136,V,1,-0.7217,-0.3911
A,136,W,1,-0.9936,-0.5859
S,137,A,1,-0.7893,-0.4372
S,137,F,1,0.3342,0.1241
S,137,K,1,-0.619,-0.3244
S,137,S,,0,0
S,137,W,2,0.6013,0.2019
I,138,*,1,-6.066,-3.177
I,138,E,1,-5.401,-3.125
I,138,F,1,-5.695,-3.152
I,138,I,,0,0
I,138,K,1,-6.067,-3.177
I,138,M,3,-2.676,-2.062
I,138,P,1,-7.366,-3.219
I,138,Q,1,-5.382,-3.123
N,139,A,1,-1.039,-0.621
N,139,I,1,3.252,0.4621
N,139,N,,0,0
N,139,P,1,-9.626,-3.233
N,139,V,3,3.077,0.458
N,139,W,1,-1.02,-0.6063
E,140,E,,0,0
E,140,K,2,-0.2753,-0.128
N,141,E,2,-1.843,-1.322
N,141,H,1,0.9363,0.2776
N,141,I,1,0.3049,0.1144
N,141,L,1,2.478,0.4374
N,141,M,1,3.652,0.4691
N,141,N,,0,0
N,141,P,1,-9.426,-3.232
N,141,R,1,1.046,0.298
N,141,S,1,-5.69,-3.152
V,142,E,1,-1.193,-0.7443
V,142,F,1,0.1841,0.07232
V,142,G,2,-9.413,-3.232
V,142,Q,1,-9.605,-3.233
V,142,T,2,-0.6573,-0.3488
V,142,V,,0,0
N,143,E,1,-1.063,-0.6396
N,143,F,1,-1.766,-1.251
N,143,H,1,0.1169,0.04707
N,143,L,1,-1.803,-1.285
N,143,N,,0,0
N,143,S,1,-1.044,-0.6246
N,143,T,1,-7.588,-3.222
N,143,Y,1,-1.679,-1.171
E,144,D,3,1.425,0.3545
E,144,E,,0,0
E,144,K,1,1.16,0.317
E,144,L,5,-1.039,-0.6208
E,144,R,2,-0.699,-0.376
E,144,T,1,1.592,0.3737
E,144,V,1,-0.915,-0.527
E,144,W,2,-1.247,-0.7887
E,144,Y,1,-1.115,-0.6803
K,145,C,1,-5.928,-3.169
K,145,E,2,-8.277,-3.228
K,145,H,1,-1.121,-0.6853
K,145,I,2,-0.829,-0.465
K,145,K,,0,0
K,145,N,1,-2.305,-1.746
K,145,V,1,-1.993,-1.461
K,145,W,1,-7.83,-3.224
K,145,Y,1,-4.012,-2.833
K,147,C,1,-7.655,-3.222
K,147,E,4,-2.082,-1.544
K,147,I,1,-1.324,-0.8542
K,147,K,,0,0
K,147,N,2,-0.7943,-0.4407
K,147,P,3,-3.035,-2.33
K,147,S,1,-0.8652,-0.4908
K,147,W,1,-10.18,-3.233
F,148,F,,0,0
F,148,H,1,3.212,0.4612
F,148,I,2,-1.098,-0.6673
F,148,Q,1,-1.564,-1.065
F,148,V,1,-0.593,-0.308
T,149,E,1,3.343,0.4639
T,149,I,2,-0.08141,-0.03528
T,149,K,1,-0.9825,-0.5774
T,149,L,1,-3.557,-2.638
T,149,Q,1,2.033,0.4121
T,149,T,,0,0
L,150,E,1,-2.167,-1.622
L,150,H,1,-0.4132,-0.2018
L,150,I,1,3.073,0.4579
L,150,L,,0,0
L,150,R,2,-1.519,-1.025
L,150,V,1,-0.8249,-0.4621
P,151,C,1,-9.191,-3.232
P,151,F,1,-2.646,-2.038
P,151,P,,0,0
P,151,Q,1,-3.126,-2.39
P,151,Y,1,-0.3417,-0.1627
P,152,*,1,-7.866,-3.225
P,152,H,2,-0.05355,-0.02297
P,152,I,1,0.4805,0.1689
P,152,M,1,0.7256,0.2326
P,152,N,1,-0.755,-0.4136
P,152,P,,0,0
P,152,R,1,4.997,0.4797
P,152,S,4,-0.01125,-0.004753
P,152,T,2,0.9014,0.2707
P,152,V,1,2.843,0.4514
P,152,Y,1,-0.3045,-0.1431
L,153,G,1,-5.664,-3.15
L,153,L,,0,0
L,153,M,1,2.253,0.426
L,153,Q,1,-5.751,-3.157
K,154,K,,0,0
K,154,L,1,4.461,0.4771
K,154,M,1,-0.3025,-0.1421
K,154,T,1,-1.165,-0.7206
I,155,A,1,-2.945,-2.266
I,155,C,1,-6.183,-3.184
I,155,E,1,-3.862,-2.776
I,155,F,1,0.1173,0.04725
I,155,H,2,-7.449,-3.22
I,155,I,,0,0
I,155,R,1,-4.367,-2.943
I,155,T,1,-3.697,-2.705
I,155,Y,1,-3.961,-2.814
H,156,H,,0,0
H,156,I,1,-8.644,-3.23
H,156,K,1,-8.877,-3.231
H,156,R,1,-4.268,-2.916
H,156,S,1,-1.466,-0.9776
H,156,T,1,-2.447,-1.871
H,156,V,3,-4.228,-2.904
E,157,*,1,-2.689,-2.073
E,157,D,2,0.193,0.07556
E,157,E,,0,0
E,157,L,2,-1.826,-1.306
E,157,M,1,-1.726,-1.214
C,158,C,,0,0
C,158,M,2,-8.329,-3.228
C,158,N,1,-8.505,-3.229
N,159,I,1,-2.519,-1.933
N,159,K,1,-3.221,-2.451
N,159,N,,0,0
N,159,V,1,-2.668,-2.056
N,159,W,1,-2.752,-2.122
N,159,Y,1,-2.843,-2.191
I,160,D,1,-3.27,-2.48
I,160,G,2,-6.931,-3.21
I,160,I,,0,0
I,160,S,1,-5.843,-3.163
S,161,G,1,-6.763,-3.206
S,161,I,1,6.727,0.4828
S,161,L,1,-2.629,-2.024
S,161,S,,0,0
S,161,Y,1,-1.069,-0.6442
C,162,C,,0,0
C,162,P,1,-4.335,-2.935
C,162,V,1,-5.453,-3.131
P,163,C,1,-10.3,-3.233
P,163,E,1,-0.662,-0.3518
P,163,P,,0,0
P,163,S,2,-3.224,-2.452
P,163,W,2,-7.251,-3.217
N,164,C,1,-4.012,-2.833
N,164,E,1,0.5814,0.1967
N,164,F,1,-0.1875,-0.08448
N,164,G,1,-1.865,-1.342
N,164,K,1,-1.055,-0.6334
N,164,N,,0,0
N,164,V,1,-1.336,-0.8645
P,165,A,2,-1.126,-0.6891
P,165,F,1,-2.366,-1.8
P,165,H,1,-1.316,-0.8472
P,165,K,1,-0.6645,-0.3535
P,165,L,1,-1.675,-1.167
P,165,M,1,-4.989,-3.072
P,165,N,1,0.268,0.102
P,165,P,,0,0
P,165,Q,3,-1.75,-1.236
P,165,R,1,-1.196,-0.746
P,165,S,2,-1.449,-0.9629
L,166,C,1,-8.875,-3.231
L,166,F,1,-2.99,-2.299
L,166,G,1,-2.173,-1.627
L,166,I,1,0.3732,0.1365
L,166,K,1,-2.497,-1.914
L,166,L,,0,0
L,166,P,1,-0.9105,-0.5236
L,166,Q,1,1.663,0.381
P,167,D,1,-0.2228,-0.1017
P,167,L,3,-1.637,-1.132
P,167,P,,0,0
P,167,R,1,-0.7658,-0.421
P,167,S,3,-1.816,-1.297
P,167,T,2,0.01482,0.0062
P,167,W,1,-1.012,-0.5995
F,168,D,2,-1.399,-0.9189
F,168,F,,0,0
F,168,G,2,-1.067,-0.6428
F,168,P,1,-4.129,-2.873
F,168,R,1,-0.5582,-0.2865
F,168,S,3,-0.5998,-0.3123
R,169,C,1,-6.408,-3.194
R,169,E,1,-0.8186,-0.4576
R,169,G,2,-1.762,-1.247
R,169,I,1,0.09574,0.03886
R,169,L,2,-1.061,-0.6381
R,169,M,1,-2.237,-1.685
R,169,N,2,-1.063,-0.6394
R,169,Q,1,2.502,0.4385
R,169,R,,0,0
R,169,W,1,-1.239,-0.7822
E,170,A,1,-0.7496,-0.4099
E,170,E,,0,0
E,170,H,1,-1.464,-0.9759
E,170,K,1,-1.607,-1.104
E,170,L,2,-0.2605,-0.1205
E,170,Q,2,-1.488,-0.9969
E,170,R,1,-1.681,-1.172
E,170,S,2,-1.25,-0.7908
Y,171,C,1,-6.563,-3.199
Y,171,H,2,-0.09029,-0.03926
Y,171,I,1,-0.6818,-0.3647
Y,171,Q,4,-1.186,-0.7379
Y,171,R,1,-2.332,-1.77
Y,171,V,1,-0.6529,-0.346
Y,171,Y,,0,0
R,172,C,1,-10.49,-3.234
R,172,G,1,-6.695,-3.204
R,172,H,2,0.3647,0.1338
R,172,K,1,-0.03892,-0.01661
R,172,L,1,-1.001,-0.5914
R,172,M,1,-0.9409,-0.5461
R,172,R,,0,0
R,172,T,1,-0.6062,-0.3162
R,172,V,1,0.6369,0.211
P,173,A,1,2.343,0.4308
P,173,C,2,-3.436,-2.575
P,173,D,1,3.545,0.4675
P,173,F,2,-2.18,-1.633
P,173,P,,0,0
P,173,R,1,-0.0406,-0.01734
P,173,S,1,-1.173,-0.7273
P,173,T,1,-0.209,-0.0949
P,173,V,1,2.91,0.4534
P,173,W,1,-1.854,-1.332
P,173,Y,2,-0.3081,-0.145
Q,174,D,1,3.276,0.4626
Q,174,M,1,0.8209,0.254
Q,174,N,1,0.08843,0.03599
Q,174,P,1,-6.951,-3.211
Q,174,Q,,0,0
Q,174,T,1,-0.6071,-0.3169
Q,174,V,1,0.4947,0.1729
T,175,C,1,-0.9618,-0.5618
T,175,D,2,-0.8382,-0.4715
T,175,E,1,-0.6455,-0.3412
T,175,F,1,-0.9174,-0.5287
T,175,H,1,0.7591,0.2403
T,175,I,1,-1.252,-0.7928
T,175,K,1,-1.019,-0.605
T,175,N,1,2.317,0.4295
T,175,T,,0,0
E,176,A,3,0.404,0.1461
E,176,D,1,-0.5749,-0.2968
E,176,E,,0,0
E,176,F,1,1.961,0.4069
E,176,I,1,2.712,0.4469
E,176,K,2,-0.01943,-0.008229
E,176,L,1,-0.4823,-0.2413
E,176,P,1,-4.137,-2.875
E,176,R,1,-2.282,-1.726
G,177,E,1,1.016,0.2925
G,177,G,,0,0
G,177,H,1,-1.518,-1.024
G,177,I,2,1.931,0.4046
G,177,K,1,-0.4641,-0.2307
G,177,L,1,0.1715,0.06766
G,177,M,2,-0.5708,-0.2942
G,177,R,3,-0.9644,-0.5637
G,177,V,1,-0.2016,-0.09127
V,178,A,2,-1.114,-0.6795
V,178,D,1,-3.518,-2.619
V,178,E,1,-4.02,-2.836
V,178,F,1,-1.451,-0.9644
V,178,I,2,-0.8986,-0.5149
V,178,L,1,0.6585,0.2165
V,178,N,2,-0.5758,-0.2974
V,178,S,1,-0.4329,-0.2129
V,178,V,,0,0
S,179,C,1,0.5049,0.1758
S,179,E,1,-1.685,-1.176
S,179,I,1,3.025,0.4567
S,179,K,1,3.952,0.4728
S,179,M,1,0.07774,0.03177
S,179,P,1,-7.012,-3.212
S,179,S,,0,0
S,179,T,1,-0.516,-0.2611
S,179,W,1,2.783,0.4494
N,180,D,2,-0.6052,-0.3156
N,180,I,1,-0.5478,-0.2802
N,180,K,2,0.9385,0.2781
N,180,N,,0,0
N,180,R,1,1.516,0.3653
N,180,T,1,-0.7568,-0.4149
L,181,C,2,-0.6489,-0.3434
L,181,H,1,-0.3027,-0.1422
L,181,K,1,-1.475,-0.9855
L,181,L,,0,0
L,181,Q,1,-1.271,-0.8089
L,181,S,1,-0.8208,-0.4592
L,181,V,1,-0.3528,-0.1687
L,181,Y,2,-1.216,-0.7626
V,182,D,1,-4.229,-2.904
V,182,K,2,-0.8729,-0.4963
V,182,M,1,-0.17,-0.0761
V,182,P,1,-0.3491,-0.1667
V,182,Q,1,1.867,0.3995
V,182,S,2,-1.054,-0.6324
V,182,T,1,-1.171,-0.7255
V,182,V,,0,0
V,182,W,2,0.151,0.06003
G,183,C,1,-3.763,-2.735
G,183,F,1,-0.7078,-0.3819
G,183,G,,0,0
G,183,H,2,-0.7565,-0.4147
G,183,M,1,0.3279,0.122
G,183,P,1,2.413,0.4344
G,183,R,3,-0.04036,-0.01723
G,183,S,1,-3.576,-2.648
G,183,V,1,1.135,0.3131
G,183,W,1,1.696,0.3843
L,184,D,1,-0.6523,-0.3456
L,184,E,1,-0.8824,-0.5031
L,184,I,1,-0.9896,-0.5828
L,184,L,,0,0
L,184,N,1,-0.3483,-0.1662
L,184,P,2,1.162,0.3174
L,184,S,2,0.3872,0.1409
L,184,V,1,1.509,0.3645
L,184,W,1,2.283,0.4276
P,185,K,2,1.298,0.3377
P,185,L,2,3.207,0.4611
P,185,M,1,-0.1265,-0.05572
P,185,P,,0,0
P,185,Q,1,0.4268,0.153
P,185,S,1,-0.52,-0.2635
N,186,C,1,3.626,0.4687
N,186,F,1,-1.509,-1.016
N,186,L,1,0.8434,0.2588
N,186,N,,0,0
N,186,W,1,-0.754,-0.4129
N,186,Y,1,-3.847,-2.77
N,187,A,1,-1.35,-0.8762
N,187,D,1,-3.218,-2.449
N,187,E,1,-0.3943,-0.1912
N,187,F,1,-0.5769,-0.298
N,187,G,1,0.002156,0.0009063
N,187,H,1,2.663,0.4451
N,187,I,2,-0.4209,-0.2061
N,187,K,2,-0.5639,-0.29
N,187,N,,0,0
N,187,P,1,0.6141,0.2052
N,187,R,1,-1.474,-0.9848
N,187,T,1,3.17,0.4603
N,187,V,1,-0.9798,-0.5753
I,188,A,1,-0.781,-0.4315
I,188,D,1,2.614,0.4432
I,188,I,,0,0
I,188,K,1,3.423,0.4654
I,188,S,1,-5.215,-3.104
I,188,T,1,-2.609,-2.007
I,188,W,1,1.408,0.3523
I,188,Y,1,-0.4749,-0.2369
C,189,C,,0,0
C,189,I,1,-1.38,-0.9019
L,190,D,1,3.382,0.4647
L,190,I,1,-0.961,-0.5612
L,190,L,,0,0
L,190,M,1,1.635,0.3782
L,190,N,1,1.774,0.3915
L,190,S,1,-0.6943,-0.3729
L,190,W,1,-3.594,-2.657
L,190,Y,1,0.2551,0.09755
Q,191,G,1,-1.055,-0.633
Q,191,K,1,-0.4407,-0.2173
Q,191,Q,,0,0
Q,191,S,1,-0.8623,-0.4887
Q,191,T,2,0.02768,0.01152
Q,191,W,1,0.881,0.2666
Q,191,Y,1,3.381,0.4647
K,192,A,1,1.922,0.4039
K,192,K,,0,0
T,193,A,1,3.882,0.4721
T,193,F,1,-0.8305,-0.466
T,193,G,1,-1.247,-0.7884
T,193,K,1,-0.2759,-0.1283
T,193,L,1,-1.094,-0.6643
T,193,M,1,-0.7268,-0.3946
T,193,R,1,-1.273,-0.8102
T,193,T,,0,0
T,193,Y,1,-0.5681,-0.2926
S,194,C,1,-1.315,-0.8462
S,194,F,2,-1.563,-1.065
S,194,H,1,-2.508,-1.924
S,194,K,2,1.316,0.3401
S,194,R,2,-0.4973,-0.25
S,194,S,,0,0
N,195,A,1,2.745,0.4481
N,195,F,1,-0.3084,-0.1451
N,195,H,2,4.563,0.4777
N,195,K,1,-0.5671,-0.292
N,195,M,1,-2.398,-1.828
N,195,N,,0,0
N,195,S,1,-0.6561,-0.348
N,195,Y,1,-0.563,-0.2895
Q,196,D,1,-3.075,-2.356
Q,196,F,2,-0.625,-0.3281
Q,196,G,1,2.523,0.4394
Q,196,H,1,-3.789,-2.746
Q,196,Q,,0,0
Q,196,Y,2,-0.1938,-0.0875
I,197,C,1,-0.4956,-0.249
I,197,D,2,-0.4953,-0.2488
I,197,E,1,-0.1399,-0.06195
I,197,I,,0,0
I,197,N,1,-0.6454,-0.3411
I,197,R,1,-1.172,-0.7265
I,197,S,1,1.896,0.4019
I,197,T,1,-5.627,-3.147
L,198,C,1,-1.57,-1.071
L,198,K,1,-0.5344,-0.2721
L,198,L,,0,0
L,198,N,1,-1.438,-0.9531
L,198,W,1,-1.785,-1.268
K,199,E,1,-1.8,-1.282
K,199,K,,0,0
K,199,L,1,-0.8503,-0.4801
K,199,N,1,-0.1646,-0.07357
K,199,P,1,2.414,0.4344
K,199,S,1,-2.192,-1.644
K,199,T,1,-0.7501,-0.4103
K,199,V,1,-1.125,-0.6887
K,199,W,1,2.913,0.4535
P,200,D,1,-4.383,-2.948
P,200,L,1,3.597,0.4683
P,200,P,,0,0
P,200,Q,2,-0.5101,-0.2576
P,200,T,2,-0.4928,-0.2474
P,200,V,1,3.627,0.4687
K,201,C,1,2.658,0.4449
K,201,K,,0,0
K,201,N,2,-1.097,-0.666
K,201,S,1,-1.955,-1.426
L,202,*,1,-3.538,-2.629
L,202,D,1,-1.564,-1.065
L,202,E,1,-2.286,-1.729
L,202,L,,0,0
L,202,Q,1,-0.1217,-0.05352
L,202,T,2,-0.1075,-0.04704
L,202,V,1,-1.513,-1.02
L,202,Y,2,-0.5843,-0.3026
I,203,C,1,-1.713,-1.201
I,203,I,,0,0
I,203,K,1,-7.43,-3.22
S,204,F,2,-3.079,-2.359
S,204,K,1,-5.51,-3.136
S,204,M,1,-1.496,-1.004
S,204,N,1,-6.481,-3.196
S,204,R,1,-1.414,-0.932
S,204,S,,0,0
S,204,W,2,-0.2581,-0.1193
S,204,Y,1,-0.7184,-0.389
Y,205,F,1,-1.675,-1.167
Y,205,H,2,-2.11,-1.569
Y,205,I,1,-6.559,-3.199
Y,205,L,1,-7.661,-3.223
Y,205,P,1,-2.231,-1.68
Y,205,Q,1,-0.9477,-0.5512
Y,205,W,1,0.5501,0.1883
Y,205,Y,,0,0
T,206,A,1,-1.504,-1.011
T,206,G,1,2.231,0.4247
T,206,R,1,-0.6558,-0.3478
T,206,T,,0,0
T,206,V,2,-1.617,-1.114
T,206,Y,1,-0.597,-0.3105
L,207,C,1,-7.868,-3.225
L,207,L,,0,0
L,207,M,1,-0.8646,-0.4903
L,207,S,1,-3.724,-2.717
P,208,P,,0,0
P,208,R,3,-0.5626,-0.2893
P,208,S,1,-1.204,-0.7531
V,209,L,1,-3.371,-2.54
V,209,M,1,-0.3725,-0.1793
V,209,N,1,-0.9349,-0.5417
V,209,R,1,-1.375,-0.8975
V,209,T,1,-0.9814,-0.5766
V,209,V,,0,0
V,210,F,1,0.8432,0.2588
V,210,H,1,3.001,0.456
V,210,L,1,-0.6425,-0.3393
V,210,M,1,0.4986,0.174
V,210,R,1,2.605,0.4428
V,210,V,,0,0
V,210,W,1,-0.8826,-0.5033
G,211,C,1,-3.545,-2.632
G,211,G,,0,0
G,211,I,1,-0.1631,-0.07284
G,211,R,1,3.953,0.4728
G,211,S,4,1.655,0.3802
G,211,V,2,-2.151,-1.607
Q,212,E,1,-0.7307,-0.3972
Q,212,I,1,-0.05554,-0.02385
Q,212,N,2,-0.6042,-0.315
Q,212,P,1,-1.712,-1.201
Q,212,Q,,0,0
Q,212,T,2,-0.6542,-0.3468
Q,212,V,2,-1.149,-0.7083
S,213,E,1,3.178,0.4605
S,213,F,1,-0.3783,-0.1825
S,213,G,1,-1.142,-0.7025
S,213,M,1,-1.393,-0.9135
S,213,N,1,-3.483,-2.601
S,213,P,1,1.5,0.3635
S,213,Q,1,-3.799,-2.75
S,213,R,2,-0.8735,-0.4967
S,213,S,,0,0
S,213,V,1,3.776,0.4708
S,213,W,1,-1.425,-0.9419
G,214,D,1,-0.5722,-0.2951
G,214,E,3,-0.465,-0.2312
G,214,G,,0,0
G,214,L,1,1.296,0.3374
G,214,T,1,-1.429,-0.9454
G,214,Y,1,-1.07,-0.6447
T,215,E,1,-0.5134,-0.2596
T,215,H,1,-0.9476,-0.5511
T,215,I,1,-0.01236,-0.005223
T,215,S,1,1.302,0.3383
T,215,T,,0,0
T,215,Y,1,-0.06898,-0.02976
C,216,C,,0,0
C,216,N,1,-6.175,-3.183
C,216,V,1,-7.298,-3.217
I,217,D,1,-2.413,-1.841
I,217,F,1,1.413,0.353
I,217,I,,0,0
I,217,P,1,-6.842,-3.208
I,217,R,1,4.384,0.4765
I,217,S,1,-0.7275,-0.3951
I,217,V,1,2.027,0.4116
I,217,Y,2,-1.053,-0.6317
T,218,E,1,-1.833,-1.313
T,218,T,,0,0
D,219,C,1,-1.353,-0.8784
D,219,D,,0,0
D,219,I,1,-0.749,-0.4096
D,219,R,1,-0.3773,-0.1819
P,220,K,1,-3.389,-2.55
P,220,L,1,1.127,0.3117
P,220,P,,0,0
P,220,S,1,-4.961,-3.068
L,221,A,1,4.286,0.4758
L,221,C,1,-0.7989,-0.4438
L,221,L,,0,0
L,221,N,1,4.273,0.4757
L,222,F,1,-1.083,-0.6555
L,222,L,,0,0
L,222,M,3,-0.5691,-0.2932
L,222,V,1,1.311,0.3395
A,223,A,,0,0
A,223,G,1,-0.1771,-0.07949
A,223,H,1,0.788,0.2468
A,223,I,1,-0.7343,-0.3996
A,223,S,1,-0.5508,-0.2821
A,223,V,1,0.5291,0.1826
M,224,I,3,-0.462,-0.2295
M,224,M,,0,0
M,224,S,1,-0.2748,-0.1278
D,225,A,2,-0.08217,-0.03562
D,225,D,,0,0
D,225,E,1,0.7196,0.2312
D,225,H,1,-0.3146,-0.1484
D,225,Q,2,0.3327,0.1236
D,225,T,1,2.576,0.4417
D,225,W,1,-0.8326,-0.4675
E,226,C,1,-3.175,-2.422
E,226,D,1,-1.467,-0.979
E,226,E,,0,0
E,226,G,1,0.5184,0.1796
E,226,L,1,-1.286,-0.8216
E,226,V,1,-0.5442,-0.2781
E,226,Y,1,2.514,0.439
G,227,A,1,1.007,0.291
G,227,F,2,-1.152,-0.7106
G,227,G,,0,0
G,227,H,1,0.4017,0.1454
G,227,K,2,-1.23,-0.7742
G,227,Q,1,-0.5935,-0.3083
Y,228,A,1,-1.335,-0.863
Y,228,D,1,-6.129,-3.181
Y,228,M,1,-0.6009,-0.3129
Y,228,N,1,-0.6536,-0.3464
Y,228,R,2,-0.2935,-0.1374
Y,228,W,1,-3.65,-2.684
Y,228,Y,,0,0
F,229,F,,0,0
F,229,L,1,-3.487,-2.603
F,229,R,1,-6.931,-3.21
F,229,V,2,-1.681,-1.172
F,229,W,1,1.905,0.4026
A,230,A,,0,0
A,230,C,1,-0.7719,-0.4252
A,230,E,1,-8.377,-3.228
A,230,G,1,-0.3452,-0.1646
A,230,L,1,-0.2577,-0.1191
A,230,S,1,-5.112,-3.09
A,230,T,1,0.3882,0.1412
A,230,V,1,2.385,0.433
Y,231,A,1,-2.531,-1.942
Y,231,R,1,-4.012,-2.833
Y,231,Y,,0,0
S,232,A,1,2.322,0.4298
S,232,H,1,0.8573,0.2617
S,232,S,,0,0
S,232,W,1,-0.3224,-0.1524
H,233,E,1,-3.411,-2.562
H,233,F,1,-3.001,-2.306
H,233,H,,0,0
H,233,Q,1,-0.7092,-0.3828
H,233,S,1,0.9387,0.2781
H,233,T,1,-1.956,-1.427
L,234,L,,0,0
L,234,S,1,-0.3939,-0.1911
L,234,T,1,-1.252,-0.7928
L,234,W,1,1.862,0.3991
E,235,A,2,-1.194,-0.745
E,235,E,,0,0
E,235,F,1,-4.229,-2.904
E,235,I,1,-5.236,-3.106
E,235,K,1,-1.649,-1.143
E,235,L,1,0.4616,0.1634
E,235,S,3,-8.473,-3.229
E,235,V,1,4.433,0.4769
R,236,C,1,-2.652,-2.042
R,236,H,1,-3.572,-2.646
R,236,L,1,-1.112,-0.6785
R,236,R,,0,0
R,236,S,2,-5.943,-3.17
I,237,I,,0,0
I,237,K,1,-1.234,-0.7776
I,237,M,1,-0.05099,-0.02185
I,237,N,1,-1.497,-1.005
I,237,Q,1,-1.332,-0.8611
I,237,R,1,-1.766,-1.251
I,237,W,2,-0.3723,-0.1792
G,238,D,1,1.161,0.3172
G,238,G,,0,0
G,238,M,1,0.4769,0.1678
G,238,S,1,-0.5106,-0.2579
S,239,H,1,2.096,0.4164
S,239,P,1,-6.13,-3.181
S,239,Q,1,-0.4081,-0.1989
S,239,R,1,4.004,0.4734
S,239,S,,0,0
C,240,C,,0,0
C,240,T,1,-2.241,-1.689
C,240,V,1,-2.981,-2.292
C,240,Y,1,-2.828,-2.181
S,241,G,1,0.7651,0.2417
S,241,H,1,-0.8036,-0.4471
S,241,K,2,-1.407,-0.9257
S,241,M,1,1.706,0.3852
S,241,N,2,-0.102,-0.04455
S,241,R,1,-2.331,-1.769
S,241,S,,0,0
S,241,T,1,-0.6799,-0.3635
S,241,W,1,-1.159,-0.7164
S,241,Y,1,-0.5936,-0.3084
R,242,C,1,-6.67,-3.203
R,242,F,1,1.278,0.3348
R,242,I,1,0.3534,0.1303
R,242,K,1,0.01815,0.007583
R,242,R,,0,0
R,242,Y,1,-0.3102,-0.146
G,243,E,2,-0.9891,-0.5824
G,243,G,,0,0
G,243,H,1,-1.844,-1.323
G,243,R,1,-1.367,-0.8909
V,244,D,1,-9.141,-3.232
V,244,E,1,-2.058,-1.521
V,244,F,1,3.428,0.4655
V,244,M,1,-0.8614,-0.488
V,244,Q,1,2.378,0.4327
V,244,T,1,0.8847,0.2674
V,244,V,,0,0
V,244,W,1,-0.7089,-0.3826
S,245,A,1,1.016,0.2926
S,245,D,1,-0.8348,-0.469
S,245,G,1,-0.6869,-0.3681
S,245,P,1,-2.159,-1.614
S,245,Q,1,-0.686,-0.3675
S,245,S,,0,0
S,245,V,1,-1.439,-0.9541
S,245,W,1,0.9706,0.2842
K,246,I,1,1.959,0.4067
K,246,K,,0,0
K,246,L,1,-0.952,-0.5545
K,246,R,1,-1.143,-0.7034
K,246,S,1,-1.599,-1.097
K,246,Y,1,3.646,0.469
Q,247,H,1,-1.262,-0.8011
Q,247,I,1,-1.185,-0.7373
Q,247,K,1,2.015,0.4108
Q,247,P,1,-0.7186,-0.3891
Q,247,Q,,0,0
Q,247,T,1,-0.7402,-0.4036
Q,247,Y,1,-0.6626,-0.3522
R,248,A,1,-5.94,-3.17
R,248,K,2,-0.07479,-0.03234
R,248,L,1,-1.888,-1.364
R,248,M,1,-1.309,-0.8414
R,248,N,1,-1.644,-1.138
R,248,Q,1,-2.075,-1.537
R,248,R,,0,0
R,248,V,1,-1.996,-1.464
I,249,C,1,-2.267,-1.712
I,249,I,,0,0
I,249,L,1,-8.01,-3.226
I,249,M,1,2.175,0.4214
I,249,Q,1,-1.162,-0.7182
I,249,T,1,1.058,0.3
I,249,Y,1,-1.424,-0.9405
I,250,A,1,-3.687,-2.701
I,250,F,1,1.085,0.3047
I,250,I,,0,0
I,250,M,1,2.615,0.4432
I,250,R,1,-6.338,-3.191
I,250,T,1,-2.306,-1.747
I,250,V,1,0.8146,0.2527
I,250,W,1,-0.3882,-0.1879
G,251,G,,0,0
G,251,I,1,-9.409,-3.232
G,251,L,1,-2.923,-2.251
G,251,M,1,-1.783,-1.266
G,251,N,1,-1.924,-1.397
V,252,C,1,2.992,0.4558
V,252,I,1,-1.104,-0.6722
V,252,K,1,-6.36,-3.192
V,252,L,1,-0.6779,-0.3622
V,252,N,1,-8.872,-3.231
V,252,T,1,-0.8219,-0.4599
V,252,V,,0,0
G,253,A,1,-3.385,-2.548
G,253,D,2,-2.524,-1.937
G,253,G,,0,0
E,254,E,,0,0
E,254,G,1,-1.793,-1.276
E,254,H,1,0.3125,0.117
E,254,I,1,-1.474,-0.9845
E,254,K,2,-2.37,-1.804
E,254,P,1,-4.807,-3.041
E,254,S,1,-2.161,-1.616
E,254,T,1,-2.758,-2.127
V,255,L,1,-1.041,-0.6226
V,255,N,1,-8.642,-3.23
V,255,Q,1,-8.1,-3.227
V,255,V,,0,0
V,255,W,1,-1.726,-1.214
L,256,E,1,-6.037,-3.176
L,256,K,1,-6.982,-3.211
L,256,L,,0,0
L,256,M,2,0.06355,0.02611
L,256,S,1,-2.462,-1.884
L,256,T,2,-1.21,-0.7577
L,256,W,1,-1.475,-0.9861
D,257,D,,0,0
D,257,I,2,-1.242,-0.7843
D,257,N,3,0.2976,0.112
D,257,T,1,-1.621,-1.118
D,257,W,1,-3.406,-2.559
D,257,Y,1,-2.478,-1.898
R,258,C,3,-8.769,-3.23
R,258,L,1,-3.333,-2.518
R,258,R,,0,0
R,258,S,1,-0.7242,-0.3928
R,258,V,1,-2.583,-1.986
R,258,W,1,-7.104,-3.214
G,259,A,1,-1.621,-1.117
G,259,D,3,-1.881,-1.357
G,259,G,,0,0
G,259,S,2,-1.011,-0.5993
G,259,T,1,-6.225,-3.186
G,259,V,2,-2.151,-1.607
D,260,D,,0,0
D,260,F,2,-3.276,-2.484
D,260,G,1,-1.266,-0.8044
D,260,R,1,-1.665,-1.158
E,261,D,1,1.733,0.3878
E,261,E,,0,0
E,261,G,3,6.312,0.4825
E,261,H,1,1.924,0.4041
E,261,I,1,2.015,0.4108
E,261,K,1,-1.688,-1.179
E,261,S,1,2.719,0.4472
E,261,V,1,-0.8552,-0.4836
E,261,Y,1,1.602,0.3748
V,262,M,1,-1.259,-0.799
V,262,R,1,-0.6315,-0.3323
V,262,T,1,-0.4353,-0.2142
V,262,V,,0,0
V,262,W,1,-0.5734,-0.2959
P,263,D,1,-8.587,-3.23
P,263,G,1,-9.92,-3.233
P,263,P,,0,0
P,263,W,1,-7.469,-3.22
S,264,C,2,-1.709,-1.198
S,264,F,1,0.5232,0.1809
S,264,G,1,1.064,0.301
S,264,H,1,-1.836,-1.316
S,264,M,1,-0.1234,-0.05433
S,264,N,2,-2.235,-1.684
S,264,Q,1,2.696,0.4463
S,264,R,1,-1.985,-1.454
S,264,S,,0,0
S,264,T,1,-1.191,-0.7423
S,264,W,2,-1.965,-1.435
S,264,Y,2,-1.136,-0.6971
L,265,L,,0,0
L,265,M,1,1.824,0.3959
L,265,P,1,-1.007,-0.596
L,265,Y,1,0.03323,0.01381
F,266,F,,0,0
F,266,H,1,-7.893,-3.225
F,266,M,1,-2.884,-2.222
F,266,N,1,-5.637,-3.148
F,266,V,1,-5.17,-3.098
M,267,C,2,-1.81,-1.291
M,267,I,1,-0.7084,-0.3823
M,267,L,2,0.1931,0.07558
M,267,M,,0,0
M,267,N,1,-6.274,-3.188
M,267,Y,1,-0.03486,-0.01485
T,268,G,2,-1.098,-0.6674
T,268,H,1,-1.875,-1.352
T,268,K,1,-1.679,-1.17
T,268,Q,1,-1.087,-0.6582
T,268,S,1,2.651,0.4446
T,268,T,,0,0
T,268,V,1,1.87,0.3998
N,269,N,,0,0
N,269,W,1,-1.333,-0.8618
N,269,Y,1,-0.3028,-0.1422
V,270,C,1,-9.315,-3.232
V,270,F,2,-1.75,-1.236
V,270,G,2,-0.5312,-0.2702
V,270,K,1,-2.208,-1.659
V,270,L,2,-0.8348,-0.4691
V,270,M,2,-1.063,-0.6395
V,270,N,1,-1.239,-0.7822
V,270,Q,1,-1.679,-1.17
V,270,R,1,-1.142,-0.7026
V,270,T,1,-0.7289,-0.396
V,270,V,,0,0
V,270,Y,2,-1.707,-1.196
W,271,A,1,-1.753,-1.238
W,271,I,1,-0.5211,-0.2642
W,271,L,3,2.176,0.4215
W,271,W,,0,0
T,272,A,1,3.556,0.4677
T,272,H,1,1.184,0.3208
T,272,I,1,0.2106,0.08191
T,272,N,1,-0.6052,-0.3156
T,272,P,1,0.0852,0.03472
T,272,T,,0,0
T,272,Y,1,-1.202,-0.7516
P,273,E,1,-0.6172,-0.3232
P,273,I,2,0.1396,0.05575
P,273,K,1,-2.214,-1.665
P,273,N,1,2.285,0.4277
P,273,P,,0,0
P,273,S,1,-2.113,-1.572
P,273,T,1,-0.2869,-0.134
P,274,A,1,-5.616,-3.146
P,274,C,1,-0.6788,-0.3628
P,274,E,2,-0.1569,-0.0699
P,274,F,2,-0.6882,-0.3689
P,274,L,1,-0.8884,-0.5075
P,274,M,2,0.1351,0.05404
P,274,P,,0,0
P,274,S,1,-1.128,-0.6914
P,274,T,1,0.6442,0.2129
P,274,V,2,-1.023,-0.6083
P,274,W,2,0.5272,0.182
P,274,Y,1,2.487,0.4378
N,275,E,1,-6.766,-3.206
N,275,G,1,0.856,0.2615
N,275,H,2,-0.6226,-0.3266
N,275,K,1,1.567,0.371
N,275,N,,0,0
N,275,Q,2,-0.8616,-0.4881
N,275,T,1,-1.006,-0.5951
N,275,Y,2,-0.8881,-0.5073
P,276,A,1,-1.296,-0.8296
P,276,D,1,-0.4862,-0.2435
P,276,I,1,-2.095,-1.556
P,276,L,3,1.006,0.2907
P,276,N,1,-7.941,-3.225
P,276,P,,0,0
P,276,T,1,3.564,0.4678
P,276,W,1,-1.745,-1.231
N,277,F,1,-2.216,-1.666
N,277,I,2,-0.124,-0.05461
N,277,K,1,-1.218,-0.7645
N,277,N,,0,0
N,277,T,1,1.346,0.3443
N,277,V,1,-1.335,-0.8633
N,277,W,1,-0.7651,-0.4205
N,277,Y,1,-0.3975,-0.1931
T,278,C,1,-1.987,-1.456
T,278,E,2,1.927,0.4043
T,278,G,3,0.2671,0.1017
T,278,I,1,-0.4892,-0.2453
T,278,K,1,0.7626,0.2411
T,278,L,1,-2.83,-2.182
T,278,M,1,-0.7832,-0.4329
T,278,N,1,-0.6437,-0.3401
T,278,T,,0,0
T,278,V,1,-0.844,-0.4756
T,278,W,1,-0.4089,-0.1994
V,279,A,2,0.03521,0.01462
V,279,D,1,-0.2797,-0.1303
V,279,F,2,-0.6726,-0.3587
V,279,I,1,4.5,0.4773
V,279,N,1,3.89,0.4721
V,279,S,2,2.773,0.4491
V,279,T,1,-9.506,-3.232
V,279,V,,0,0
Y,280,F,1,1.678,0.3825
Y,280,G,1,0.6874,0.2235
Y,280,L,1,-3.864,-2.777
Y,280,N,1,0.01242,0.005201
Y,280,R,1,-0.5753,-0.297
Y,280,T,1,0.207,0.08061
Y,280,W,1,-1.28,-0.8167
Y,280,Y,,0,0
H,281,C,2,-0.6428,-0.3395
H,281,G,1,-1.152,-0.7104
H,281,H,,0,0
H,281,K,4,2.256,0.4262
H,281,N,1,-9.744,-3.233
H,281,Q,1,0.723,0.232
H,281,R,1,-5.847,-3.164
H,281,S,1,-0.7237,-0.3925
H,281,V,1,-1.054,-0.632
H,281,Y,4,-0.3398,-0.1617
C,282,A,1,-2.157,-1.612
C,282,C,,0,0
C,282,F,1,-0.4179,-0.2044
C,282,H,1,0.3708,0.1358
C,282,I,1,-1.418,-0.9351
C,282,M,1,-2.297,-1.739
C,282,T,2,-0.1251,-0.05508
C,282,V,1,-0.6824,-0.3652
C,282,Y,1,1.328,0.3419
S,283,K,1,-5.266,-3.11
S,283,S,,0,0
S,283,V,1,-0.5671,-0.292
S,283,Y,1,-8.167,-3.227
A,284,A,,0,0
A,284,C,1,3.261,0.4623
A,284,E,1,-1.908,-1.383
A,284,F,1,2.946,0.4545
A,284,I,1,-8.069,-3.226
A,284,K,1,-2.356,-1.791
A,284,M,1,1.666,0.3813
A,284,S,1,1.327,0.3417
A,284,T,3,2.381,0.4328
A,284,V,1,-0.5461,-0.2792
A,284,W,1,-1.737,-1.224
V,285,C,1,3.016,0.4565
V,285,E,1,-1.473,-0.9838
V,285,G,2,-4.748,-3.031
V,285,I,1,-1.088,-0.6595
V,285,M,2,-0.06857,-0.02958
V,285,T,1,-0.3484,-0.1663
V,285,V,,0,0
Y,286,*,1,-6.025,-3.175
Y,286,I,1,0.6421,0.2124
Y,286,L,1,0.9808,0.2861
Y,286,N,2,2.48,0.4375
Y,286,S,1,-0.6703,-0.3572
Y,286,W,1,-0.9949,-0.5868
Y,286,Y,,0,0
N,287,C,1,2.141,0.4193
N,287,F,1,3.259,0.4622
N,287,G,2,0.7766,0.2443
N,287,K,1,4.095,0.4742
N,287,M,1,-0.6117,-0.3197
N,287,N,,0,0
N,287,S,2,3.963,0.4729
N,287,W,1,-0.3711,-0.1785
N,287,Y,1,0.1546,0.06139
N,288,A,1,-5.429,-3.128
N,288,C,1,3.955,0.4729
N,288,D,2,-1.32,-0.8509
N,288,E,1,0.1768,0.06963
N,288,L,3,-0.1302,-0.05746
N,288,N,,0,0
N,288,P,1,-2.572,-1.977
N,288,R,1,-0.9783,-0.5742
N,288,Y,1,-1.203,-0.7518
E,289,*,2,-9.186,-3.232
E,289,A,2,-0.4792,-0.2394
E,289,C,1,-0.9716,-0.5692
E,289,E,,0,0
E,289,G,1,-0.9864,-0.5803
E,289,H,2,-0.923,-0.5328
E,289,K,6,-0.9921,-0.5847
E,289,P,1,-0.4803,-0.2401
E,289,S,2,1.585,0.373
F,290,A,1,1.016,0.2926
F,290,F,,0,0
F,290,G,2,-0.7799,-0.4307
F,290,H,2,3.141,0.4596
F,290,Q,3,1.667,0.3814
F,290,S,1,-0.337,-0.1602
Y,291,E,1,1.589,0.3734
Y,291,G,2,-3.245,-2.465
Y,291,M,1,-0.1848,-0.08318
Y,291,N,1,-10.13,-3.233
Y,291,T,1,-9.517,-3.232
Y,291,Y,,0,0
Y,292,*,1,-2.419,-1.846
Y,292,L,1,-0.6794,-0.3632
Y,292,M,1,-0.6759,-0.3609
Y,292,N,1,2.173,0.4213
Y,292,Q,1,-3.96,-2.814
Y,292,S,1,3.8,0.4711
Y,292,T,1,-0.392,-0.19
Y,292,Y,,0,0
V,293,A,1,-0.5675,-0.2922
V,293,F,1,1.258,0.332
V,293,H,2,-0.2236,-0.1021
V,293,I,1,-0.2861,-0.1336
V,293,L,1,-2.689,-2.072
V,293,M,2,-1.492,-1.001
V,293,N,1,1.075,0.3031
V,293,T,1,-0.3906,-0.1892
V,293,V,,0,0
V,293,W,1,-1.394,-0.9142
L,294,C,1,-5.658,-3.149
L,294,D,1,-9.29,-3.232
L,294,E,1,-3.571,-2.645
L,294,F,1,1.396,0.3508
L,294,I,1,-1.23,-0.7749
L,294,L,,0,0
L,294,T,1,-1.926,-1.399
C,295,A,3,0.1684,0.06651
C,295,C,,0,0
C,295,F,5,-2.065,-1.528
C,295,L,1,-1.417,-0.9343
C,295,M,2,4.269,0.4757
C,295,N,1,-0.6166,-0.3228
C,295,R,1,0.4554,0.1615
C,295,S,1,2.142,0.4193
C,295,T,1,-0.6493,-0.3436
C,295,W,1,-1.218,-0.7649
C,295,Y,1,-1.165,-0.721
A,296,A,,0,0
A,296,C,2,0.3148,0.1177
A,296,D,1,3.155,0.4599
A,296,I,1,-7.766,-3.224
A,296,S,1,-0.6725,-0.3587
A,296,T,3,1.733,0.3878
A,296,V,1,4.895,0.4793
V,297,K,1,1.481,0.3612
V,297,L,1,4.009,0.4734
V,297,Q,1,-0.1618,-0.0722
V,297,V,,0,0
V,297,W,2,0.09395,0.03816
S,298,D,1,1.949,0.406
S,298,E,1,3.224,0.4615
S,298,G,2,0.1945,0.0761
S,298,L,1,-8.742,-3.23
S,298,N,4,1.34,0.3435
S,298,S,,0,0
T,299,A,1,-0.4901,-0.2458
T,299,E,1,3.967,0.473
T,299,F,1,1.742,0.3886
T,299,G,1,-2.72,-2.097
T,299,I,1,-1.276,-0.8134
T,299,N,1,2.7,0.4465
T,299,P,1,-0.3252,-0.154
T,299,T,,0,0
T,299,V,1,3.788,0.4709
V,300,A,1,1.758,0.3901
V,300,K,2,-0.1105,-0.0484
V,300,Q,1,1.3,0.3379
V,300,R,1,-1.098,-0.6667
V,300,V,,0,0
V,300,Y,1,3.106,0.4587
G,301,A,1,3.36,0.4643
G,301,D,1,0.7723,0.2433
G,301,G,,0,0
G,301,H,2,-0.0962,-0.04192
G,301,K,1,-0.05631,-0.02418
G,301,R,1,-0.518,-0.2623
G,301,S,1,-4.458,-2.967
G,301,T,1,3.577,0.468
G,301,V,1,4.264,0.4757
G,301,Y,2,0.8695,0.2643
D,302,D,,0,0
D,302,N,1,-3.674,-2.695
D,302,R,1,-1.459,-0.9715
D,302,T,1,-1.261,-0.8003
D,302,W,1,-1.664,-1.156
P,303,D,1,-5.786,-3.159
P,303,P,,0,0
P,303,T,1,3.242,0.4619
I,304,I,,0,0
I,304,P,1,-4.021,-2.836
I,304,Q,1,-8.381,-3.229
I,304,W,2,-3.405,-2.559
L,305,L,,0,0
L,305,M,1,2.79,0.4496
L,305,Q,1,1.752,0.3895
L,305,R,1,-1.053,-0.6315
N,306,A,1,-1.939,-1.411
N,306,C,1,-1.145,-0.7045
N,306,H,1,-1.079,-0.6517
N,306,I,2,4.493,0.4773
N,306,N,,0,0
N,306,P,1,-0.8301,-0.4657
N,306,R,1,-1.487,-0.9966
N,306,V,2,-0.7565,-0.4146
N,306,W,1,-1.514,-1.021
S,307,A,1,0.156,0.0619
S,307,C,1,-4.287,-2.921
S,307,F,1,-2.994,-2.301
S,307,H,1,-2.657,-2.047
S,307,I,1,-1.12,-0.6842
S,307,S,,0,0
S,307,T,1,-0.4341,-0.2135
S,307,Y,2,-0.8284,-0.4645
T,308,G,1,-0.8123,-0.4532
T,308,I,1,-0.5918,-0.3073
T,308,N,1,-0.9966,-0.5881
T,308,P,1,-0.9863,-0.5803
T,308,S,1,-1.385,-0.9068
T,308,T,,0,0
T,308,V,1,-0.8469,-0.4776
T,308,Y,1,0.2133,0.08286
Y,309,C,1,0.6179,0.2062
Y,309,D,2,-1.325,-0.855
Y,309,H,2,1.705,0.3851
Y,309,Y,,0,0
W,310,*,1,-2.047,-1.512
W,310,D,1,-2.632,-2.026
W,310,F,1,-1.299,-0.8324
W,310,H,1,-2.325,-1.764
W,310,K,1,-7.725,-3.223
W,310,V,1,-3.698,-2.706
W,310,W,,0,0
S,311,D,1,0.5655,0.1925
S,311,F,2,1.195,0.3226
S,311,G,1,-0.7158,-0.3872
S,311,I,1,3.174,0.4604
S,311,K,1,1.102,0.3077
S,311,M,1,-0.8256,-0.4625
S,311,N,1,-1.298,-0.8317
S,311,Q,1,0.1789,0.07039
S,311,S,,0,0
S,311,V,1,-0.1963,-0.08871
S,311,W,1,-1.284,-0.8201
G,312,C,3,0.1294,0.05187
G,312,D,2,2.904,0.4533
G,312,E,1,-1.648,-1.142
G,312,G,,0,0
G,312,K,1,-6.308,-3.189
G,312,S,1,0.3365,0.1248
G,312,T,1,-1.289,-0.8237
S,313,D,1,1.015,0.2925
S,313,G,1,2.064,0.4142
S,313,I,2,1.486,0.3619
S,313,M,1,-1.069,-0.6444
S,313,N,4,2.261,0.4264
S,313,R,3,-1.121,-0.6852
S,313,S,,0,0
S,313,T,1,-0.7657,-0.4209
S,313,W,1,0.2045,0.07972
L,314,H,1,-0.893,-0.5109
L,314,I,2,-0.1653,-0.07389
L,314,L,,0,0
L,314,V,2,-0.5681,-0.2926
M,315,F,2,-0.3071,-0.1444
M,315,G,3,4.127,0.4745
M,315,I,4,1.18,0.3201
M,315,M,,0,0
M,315,N,1,-1.779,-1.263
M,315,Q,1,0.09985,0.04047
M,315,T,2,-0.5178,-0.2622
M,315,V,2,-0.669,-0.3564
M,315,Y,1,1.96,0.4068
M,316,F,1,-1.877,-1.353
M,316,I,3,-2.491,-1.908
M,316,M,,0,0
M,316,P,1,-2.713,-2.091
M,316,V,1,3.167,0.4602
T,317,C,1,-0.6888,-0.3693
T,317,D,1,1.329,0.3419
T,317,F,1,1.937,0.405
T,317,I,1,1.054,0.2993
T,317,M,1,-1.776,-1.26
T,317,R,1,0.3033,0.1139
T,317,S,1,1.007,0.2909
T,317,T,,0,0
T,317,Y,1,-0.9967,-0.5882
R,318,C,1,-0.09378,-0.04083
R,318,G,1,-0.9846,-0.579
R,318,K,1,-0.8116,-0.4527
R,318,M,1,4.48,0.4772
R,318,Q,1,-0.05398,-0.02316
R,318,R,,0,0
R,318,S,1,1.654,0.3801
R,318,V,1,3.382,0.4647
R,318,W,1,-1.18,-0.7333
L,319,C,1,-0.5267,-0.2675
L,319,F,1,3.876,0.472
L,319,H,1,0.981,0.2862
L,319,I,1,-1.321,-0.8511
L,319,L,,0,0
L,319,M,1,-0.343,-0.1634
L,319,N,2,-1.417,-0.9342
L,319,P,1,-8.152,-3.227
L,319,T,1,-0.8908,-0.5092
A,320,A,,0,0
A,320,C,1,-2.291,-1.734
A,320,D,1,-1.595,-1.094
A,320,I,1,-1.524,-1.029
A,320,Q,1,-0.6264,-0.329
A,320,R,1,-1.942,-1.414
A,320,S,2,-0.9076,-0.5215
A,320,T,1,-1.335,-0.8634
A,320,W,1,-1.844,-1.323
A,320,Y,1,-0.6223,-0.3265
V,321,A,1,1.864,0.3993
V,321,C,1,1.306,0.3388
V,321,I,1,0.6948,0.2253
V,321,M,1,-0.986,-0.5801
V,321,Q,1,-5.745,-3.156
V,321,V,,0,0
K,322,D,1,-0.5385,-0.2746
K,322,E,1,-0.8928,-0.5107
K,322,F,2,-0.9427,-0.5475
K,322,I,1,1.383,0.3491
K,322,K,,0,0
K,322,M,1,0.5411,0.1859
K,322,N,1,-0.6986,-0.3758
K,322,Q,1,-0.1611,-0.0719
K,322,S,1,-0.3602,-0.1727
K,322,Y,1,0.4248,0.1524
P,323,D,2,-1.594,-1.092
P,323,E,1,-2.055,-1.519
P,323,G,1,-0.0319,-0.01358
P,323,H,2,-2.052,-1.515
P,323,K,1,-2.642,-2.034
P,323,L,1,-0.2449,-0.1126
P,323,P,,0,0
P,323,R,1,-1.682,-1.173
P,323,V,1,-1.345,-0.8716
P,323,Y,1,-1.375,-0.8979
K,324,D,1,2.257,0.4262
K,324,F,1,0.531,0.1831
K,324,K,,0,0
K,324,M,2,-1.292,-0.8264
K,324,R,1,0.2714,0.1032
K,324,S,1,-1.025,-0.6101
K,324,W,1,-0.486,-0.2434
S,325,D,1,-1.112,-0.6778
S,325,E,1,0.7426,0.2366
S,325,G,1,-0.723,-0.392
S,325,M,1,2.733,0.4477
S,325,P,1,-4.272,-2.917
S,325,S,,0,0
S,325,W,1,4.335,0.4762
S,325,Y,2,2.162,0.4206
N,326,C,1,-3.19,-2.432
N,326,D,1,-1.393,-0.9134
N,326,E,1,0.549,0.188
N,326,F,1,-0.7375,-0.4017
N,326,I,1,-1.02,-0.6058
N,326,L,1,-0.9573,-0.5584
N,326,M,1,-0.4762,-0.2377
N,326,N,,0,0
N,326,Q,1,-2.263,-1.709
N,326,R,2,2.749,0.4482
N,326,T,1,1.322,0.341
N,326,V,2,-0.813,-0.4537
N,326,W,1,-0.564,-0.2901
G,327,C,1,-1.737,-1.223
G,327,D,1,-1.269,-0.8068
G,327,F,1,-0.8077,-0.45
G,327,G,,0,0
G,327,K,1,-0.7134,-0.3856
G,327,L,1,-1.753,-1.239
G,327,Q,1,1.424,0.3543
G,327,S,1,0.2874,0.1086
G,327,Y,1,-0.5211,-0.2642
G,328,*,1,-5.781,-3.159
G,328,E,1,1.081,0.3041
G,328,G,,0,0
G,328,K,1,-0.8112,-0.4524
G,328,N,3,1.066,0.3015
G,328,P,1,-1.574,-1.074
G,328,Q,1,2.167,0.4209
G,328,R,1,1.056,0.2997
G,328,S,2,-1.237,-0.7805
G,328,Y,1,-1.018,-0.6044
G,329,C,1,-0.6919,-0.3714
G,329,G,,0,0
G,329,I,1,-0.7291,-0.3961
G,329,M,1,5.01,0.4798
G,329,N,1,2.177,0.4215
G,329,R,1,-0.4469,-0.2208
G,329,S,2,0.453,0.1608
M,33,I,1,-3.429,-2.571
M,33,M,,0,0
Y,330,G,2,-1.348,-0.8742
Y,330,H,2,-1.025,-0.6097
Y,330,M,1,-0.5167,-0.2615
Y,330,N,1,-3.517,-2.618
Y,330,P,2,-0.8371,-0.4707
Y,330,S,1,-0.9192,-0.5301
Y,330,T,1,-0.5193,-0.2631
Y,330,Y,,0,0
N,331,C,1,-2.344,-1.781
N,331,L,1,0.5521,0.1889
N,331,N,,0,0
N,331,R,2,-1.202,-0.7514
N,331,S,1,-0.9512,-0.5538
N,331,V,2,-0.8957,-0.5129
N,331,W,1,-0.3411,-0.1624
N,331,Y,1,-0.3164,-0.1493
Q,332,A,1,4.571,0.4777
Q,332,D,1,2.023,0.4114
Q,332,F,1,-0.7282,-0.3955
Q,332,G,1,1.406,0.3521
Q,332,H,1,0.8531,0.2608
Q,332,I,2,-0.7055,-0.3804
Q,332,N,1,-0.3576,-0.1713
Q,332,Q,,0,0
Q,332,R,1,-7.392,-3.219
Q,332,T,1,-0.7573,-0.4152
Q,332,V,1,-1.424,-0.9403
Q,332,Y,1,-0.7794,-0.4304
H,333,H,,0,0
H,333,M,1,0.3669,0.1345
H,333,Q,2,0.5399,0.1855
H,333,R,1,4.245,0.4755
H,333,S,1,-4.131,-2.873
H,333,T,1,-5.603,-3.145
H,333,W,2,0.7542,0.2392
H,333,Y,1,0.6985,0.2262
Q,334,C,1,3.495,0.4667
Q,334,H,3,-0.2694,-0.125
Q,334,I,1,-0.1357,-0.05999
Q,334,K,1,-6.135,-3.181
Q,334,N,1,-6.508,-3.197
Q,334,Q,,0,0
Q,334,R,1,0.5317,0.1833
Q,334,S,1,0.6662,0.2184
Q,334,W,1,-0.6321,-0.3326
L,335,A,1,2.994,0.4558
L,335,C,1,1.95,0.406
L,335,E,2,-0.4943,-0.2483
L,335,F,2,4.88,0.4793
L,335,G,1,2.186,0.4221
L,335,I,1,1.047,0.2982
L,335,L,,0,0
L,335,M,1,0.02527,0.01053
L,335,N,1,2.689,0.4461
L,335,P,1,0.1665,0.06583
L,335,S,1,-0.3081,-0.145
L,335,W,1,-0.04045,-0.01727
A,336,A,,0,0
A,336,C,1,1.316,0.3402
A,336,D,1,-1.103,-0.6708
A,336,H,1,0.866,0.2635
A,336,I,3,-0.4505,-0.2229
A,336,M,1,-0.403,-0.1961
A,336,Q,1,2.703,0.4466
A,336,T,1,-0.9975,-0.5888
A,336,Y,1,2.932,0.4541
L,337,D,1,-1.052,-0.6307
L,337,H,1,-0.5891,-0.3056
L,337,L,,0,0
L,337,M,1,-0.9717,-0.5692
L,337,N,2,-1.256,-0.7959
L,337,P,2,-0.05751,-0.02471
L,337,R,1,0.01054,0.004417
L,337,V,1,0.191,0.07482
L,337,W,1,-2.018,-1.484
L,337,Y,1,2.548,0.4405
R,338,A,2,-0.8541,-0.4827
R,338,C,1,-2.335,-1.773
R,338,D,1,-0.7196,-0.3898
R,338,E,1,0.7266,0.2329
R,338,F,1,-0.0861,-0.03738
R,338,G,1,2.552,0.4407
R,338,H,1,-0.2306,-0.1055
R,338,L,1,-0.8881,-0.5073
R,338,R,,0,0
R,338,S,1,-4.271,-2.917
R,338,T,1,-1.676,-1.167
R,338,W,1,3.781,0.4708
R,338,Y,1,4.193,0.4751
S,339,D,1,-0.488,-0.2446
S,339,F,3,-1.46,-0.9723
S,339,H,1,-2.696,-2.078
S,339,L,1,1.479,0.3611
S,339,P,1,-0.5758,-0.2974
S,339,S,,0,0
S,339,T,1,-0.3708,-0.1784
S,339,V,1,2.707,0.4468
S,339,W,1,3.464,0.4662
S,339,Y,1,0.5516,0.1887
I,34,I,,0,0
I,34,V,1,-2.128,-1.585
I,340,C,1,2.167,0.4209
I,340,F,2,2.42,0.4347
I,340,I,,0,0
I,340,M,1,-1.352,-0.8782
I,340,N,1,0.61,0.2042
I,340,P,2,-1.091,-0.6614
I,340,T,1,-0.5043,-0.2542
I,340,V,1,0.109,0.04401
E,341,A,1,-0.6419,-0.3389
E,341,E,,0,0
E,341,G,2,0.5542,0.1894
E,341,I,1,-0.213,-0.09685
E,341,K,1,2.819,0.4506
E,341,M,1,1.735,0.3879
E,341,N,1,-0.8389,-0.472
E,341,W,1,0.3197,0.1193
K,342,H,1,1.095,0.3063
K,342,I,2,-1.856,-1.334
K,342,K,,0,0
K,342,M,1,-1.069,-0.6443
K,342,R,1,6.266,0.4824
K,342,V,2,0.2671,0.1017
K,342,Y,1,1.676,0.3823
G,343,A,1,3.55,0.4676
G,343,D,1,-0.2517,-0.116
G,343,G,,0,0
G,343,Q,1,-0.8481,-0.4785
G,343,S,2,-0.4825,-0.2414
G,343,T,1,1.115,0.3097
G,343,Y,1,4.698,0.4784
R,344,G,1,2.131,0.4186
R,344,I,1,-0.7024,-0.3783
R,344,L,1,-0.6193,-0.3245
R,344,M,1,0.2928,0.1104
R,344,R,,0,0
R,344,V,1,-2.188,-1.641
R,344,Y,1,-0.4794,-0.2396
Y,345,A,1,-0.8124,-0.4532
Y,345,M,1,-0.007937,-0.003348
Y,345,N,1,0.366,0.1343
Y,345,P,1,-0.589,-0.3055
Y,345,Q,1,-1.233,-0.7766
Y,345,W,1,-0.621,-0.3256
Y,345,Y,,0,0
D,346,A,1,-0.7731,-0.426
D,346,D,,0,0
D,346,M,1,-1.054,-0.6324
D,346,P,1,-0.9669,-0.5656
D,346,Q,1,-0.8672,-0.4922
D,346,W,1,-0.678,-0.3622
K,347,C,2,-1.685,-1.176
K,347,D,1,-0.6619,-0.3518
K,347,K,,0,0
K,347,M,1,-1.261,-0.8005
K,347,T,1,-4.821,-3.044
V,348,A,1,0.5336,0.1838
V,348,L,1,1.722,0.3868
V,348,M,1,3.025,0.4567
V,348,V,,0,0
M,349,I,2,1.441,0.3564
M,349,M,,0,0
M,349,Q,1,-1.281,-0.8175
M,349,S,1,-0.9962,-0.5878
M,349,T,1,-1.034,-0.6169
P,350,C,2,-1.149,-0.7082
P,350,P,,0,0
P,350,T,1,-0.01839,-0.007787
P,350,V,2,3.847,0.4716
Y,351,C,1,-0.7869,-0.4355
Y,351,E,1,-6.135,-3.181
Y,351,L,1,-0.6455,-0.3412
Y,351,Q,2,-0.6028,-0.3141
Y,351,T,1,-0.8829,-0.5035
Y,351,V,2,-5.364,-3.121
Y,351,Y,,0,0
G,352,G,,0,0
G,352,K,1,-3.692,-2.703
G,352,Y,1,-0.2205,-0.1005
P,353,E,1,-0.6382,-0.3365
P,353,G,2,-0.08214,-0.03561
P,353,L,1,1.845,0.3977
P,353,P,,0,0
P,353,S,1,-1.974,-1.443
P,353,V,1,0.1867,0.07325
P,353,Y,1,-0.7429,-0.4054
S,354,G,1,-0.3836,-0.1854
S,354,K,1,-0.6019,-0.3136
S,354,Q,1,-1.43,-0.9456
S,354,S,,0,0
G,355,G,,0,0
G,355,T,1,-7.195,-3.216
I,356,E,1,0.7595,0.2404
I,356,I,,0,0
I,356,L,1,-2.23,-1.679
K,357,D,2,2.242,0.4254
K,357,E,1,-0.7773,-0.4289
K,357,F,1,0.9044,0.2714
K,357,G,1,2.632,0.4439
K,357,K,,0,0
K,357,M,2,1.268,0.3334
K,357,S,1,-0.8137,-0.4542
K,357,V,1,3.071,0.4579
K,357,W,1,-0.454,-0.2249
Q,358,A,1,1.455,0.3582
Q,358,D,1,2.387,0.4331
Q,358,F,1,2.969,0.4551
Q,358,G,1,-0.7734,-0.4262
Q,358,H,2,-0.1243,-0.05475
Q,358,N,1,-1.309,-0.8407
Q,358,Q,,0,0
Q,358,R,1,1.687,0.3834
Q,358,S,1,2.993,0.4558
Q,358,T,1,-1.149,-0.7077
Q,358,W,2,0.1057,0.04274
G,359,D,1,-2.337,-1.775
G,359,E,1,-1.096,-0.6659
G,359,F,1,4.356,0.4764
G,359,G,,0,0
G,359,I,1,1.175,0.3195
G,359,P,1,-0.5918,-0.3072
G,359,R,1,1.885,0.401
G,359,S,1,-0.6755,-0.3606
G,359,T,1,3.649,0.4691
G,359,V,1,2.987,0.4557
G,359,W,1,1.783,0.3923
D,360,D,,0,0
D,360,E,2,-0.3702,-0.1781
D,360,F,1,-0.6203,-0.3252
D,360,H,1,-1.264,-0.8027
D,360,K,1,0.9259,0.2756
D,360,N,1,-0.7027,-0.3785
D,360,T,1,-1.324,-0.8542
T,361,E,1,-1.132,-0.6947
T,361,F,1,1.257,0.3318
T,361,H,1,2.985,0.4556
T,361,M,2,-1.499,-1.007
T,361,T,,0,0
T,361,V,1,-0.3795,-0.1831
T,361,Y,1,-0.4534,-0.2245
L,362,G,1,-2.115,-1.574
L,362,I,1,-0.3971,-0.1928
L,362,L,,0,0
L,362,V,2,-0.7468,-0.4081
Y,363,C,1,-0.7762,-0.4281
Y,363,G,1,1.471,0.3601
Y,363,H,1,-0.9088,-0.5224
Y,363,I,1,-0.417,-0.2039
Y,363,Y,,0,0
F,364,F,,0,0
F,364,I,2,-0.6867,-0.368
F,364,M,1,-0.1312,-0.05792
F,364,T,2,-12.53,-3.234
F,364,V,2,-0.2886,-0.1349
P,365,A,1,-0.2967,-0.139
P,365,G,1,-0.8801,-0.5015
P,365,H,1,-4.426,-2.959
P,365,P,,0,0
P,365,S,1,-0.6307,-0.3317
A,366,A,,0,0
A,366,C,2,3.131,0.4594
A,366,H,1,-10.03,-3.233
A,366,L,1,-9.656,-3.233
V,367,F,1,-2.279,-1.723
V,367,H,1,1.35,0.3447
V,367,L,2,2.83,0.451
V,367,T,1,-0.5418,-0.2766
V,367,V,,0,0
G,368,E,3,-5.986,-3.173
G,368,G,,0,0
G,368,H,1,-5.809,-3.161
G,368,I,1,-7.099,-3.214
G,368,M,1,-5.902,-3.167
G,368,Q,1,-0.6639,-0.3531
G,368,Y,1,-5.505,-3.136
F,369,C,1,-0.7939,-0.4403
F,369,D,1,-8.843,-3.231
F,369,F,,0,0
F,369,L,1,-0.9807,-0.576
F,369,M,2,0.2261,0.0874
F,369,V,1,-5.822,-3.162
I,37,I,,0,0
I,37,T,1,-1.661,-1.153
L,370,A,1,-0.9251,-0.5344
L,370,C,1,2.908,0.4534
L,370,E,1,2.474,0.4373
L,370,H,1,-0.1083,-0.0474
L,370,I,1,-0.5591,-0.2871
L,370,K,2,-0.2472,-0.1138
L,370,L,,0,0
L,370,M,1,2.275,0.4272
L,370,Q,1,2.91,0.4534
L,370,V,1,2.789,0.4496
L,370,W,2,0.8513,0.2605
L,370,Y,1,3.67,0.4694
V,371,A,1,3.347,0.464
V,371,C,1,-1.846,-1.325
V,371,D,1,-2.083,-1.545
V,371,F,1,-1.673,-1.165
V,371,H,1,2.531,0.4398
V,371,I,2,0.5701,0.1937
V,371,P,1,-1.196,-0.7465
V,371,R,1,1.499,0.3633
V,371,S,1,3.735,0.4702
V,371,V,,0,0
V,371,W,1,-1.432,-0.9479
R,372,H,4,-0.3018,-0.1417
R,372,R,,0,0
R,372,V,1,0.2349,0.0905
R,372,W,1,-0.5095,-0.2573
T,373,A,1,-0.7705,-0.4242
T,373,D,2,-0.3337,-0.1584
T,373,E,1,-0.6425,-0.3393
T,373,I,1,-0.6973,-0.3749
T,373,K,1,-1.413,-0.9312
T,373,P,1,2.387,0.4331
T,373,Q,1,-1.31,-0.8416
T,373,T,,0,0
T,373,V,1,-0.7985,-0.4435
T,373,W,1,-2.371,-1.805
T,373,Y,2,2.047,0.4131
E,374,A,1,-0.7795,-0.4304
E,374,D,1,-1.843,-1.322
E,374,E,,0,0
E,374,H,1,-1.652,-1.145
E,374,K,1,-0.9313,-0.539
E,374,V,1,-2.12,-1.578
E,374,Y,1,1.2,0.3234
F,375,A,1,-1.668,-1.16
F,375,C,1,-4.94,-3.064
F,375,F,,0,0
F,375,L,3,1.743,0.3887
F,375,V,1,-0.8779,-0.4999
F,375,W,1,-0.1361,-0.06017
K,376,A,1,-0.5637,-0.2899
K,376,E,2,-0.472,-0.2353
K,376,I,2,-1.767,-1.251
K,376,K,,0,0
K,376,P,2,0.378,0.138
K,376,Q,1,3.741,0.4703
K,376,S,1,1.841,0.3974
K,376,V,1,4.134,0.4746
K,376,W,2,-0.3986,-0.1936
Y,377,D,1,1.501,0.3636
Y,377,F,1,1.424,0.3543
Y,377,I,3,3.629,0.4688
Y,377,M,1,-2.139,-1.596
Y,377,P,1,-0.7007,-0.3772
Y,377,Y,,0,0
N,378,A,2,0.4752,0.1673
N,378,C,1,-7.674,-3.223
N,378,F,1,-1.485,-0.9944
N,378,I,1,3.095,0.4585
N,378,N,,0,0
N,378,P,1,-0.6616,-0.3516
N,378,S,4,2.447,0.436
N,378,T,1,0.4018,0.1454
N,378,W,2,0.1489,0.05924
N,378,Y,1,-0.7069,-0.3813
D,379,A,2,-0.5339,-0.2718
D,379,D,,0,0
D,379,F,1,-4.226,-2.903
D,379,G,1,-0.6799,-0.3635
D,379,Q,1,-0.08332,-0.03614
S,380,A,1,-1.264,-0.8028
S,380,D,1,3.48,0.4664
S,380,G,2,-0.256,-0.1182
S,380,M,2,-0.6093,-0.3182
S,380,P,1,-2.38,-1.813
S,380,S,,0,0
S,380,W,1,-0.6395,-0.3373
N,381,A,1,2.852,0.4517
N,381,C,1,-0.00959,-0.004048
N,381,E,1,-0.09983,-0.04356
N,381,G,1,-0.617,-0.3231
N,381,K,1,-0.5635,-0.2898
N,381,L,1,0.1378,0.05506
N,381,N,,0,0
N,381,R,1,-0.06295,-0.0271
N,381,T,1,1.777,0.3918
P,383,D,1,2.841,0.4513
P,383,E,1,-0.2392,-0.1098
P,383,H,1,-1.491,-1
P,383,I,1,0.1665,0.06583
P,383,N,2,-0.369,-0.1774
P,383,P,,0,0
P,383,Q,1,-1.706,-1.195
P,383,S,2,-1.568,-1.069
P,383,W,1,-1.016,-0.6028
I,384,F,1,-1.274,-0.811
I,384,I,,0,0
I,384,L,1,-0.3862,-0.1868
I,384,T,1,-0.9666,-0.5654
I,384,W,1,1.123,0.311
I,384,Y,1,-0.4748,-0.2368
T,385,D,1,-0.8131,-0.4538
T,385,L,1,-6.97,-3.211
T,385,N,1,0.7358,0.235
T,385,T,,0,0
T,385,V,2,0.01121,0.004694
T,385,W,1,-0.7802,-0.4309
T,385,Y,1,-0.5924,-0.3076
K,386,E,2,0.3644,0.1337
K,386,H,1,-0.3617,-0.1735
K,386,I,2,0.971,0.2843
K,386,K,,0,0
K,386,N,2,-1.976,-1.446
K,386,Q,1,1.06,0.3004
K,386,R,1,-0.03697,-0.01576
K,386,W,2,4.148,0.4747
K,386,Y,1,-1.486,-0.9955
C,387,C,,0,0
C,387,F,2,-8.272,-3.228
Q,388,A,1,-0.7681,-0.4225
Q,388,K,2,-1.363,-0.8875
Q,388,L,1,-1.044,-0.6245
Q,388,M,1,1.828,0.3962
Q,388,Q,,0,0
Q,388,R,3,1.161,0.3172
Q,388,T,1,-0.1916,-0.08645
Y,389,R,1,-6.643,-3.202
Y,389,W,1,1.392,0.3503
Y,389,Y,,0,0
E,39,D,1,4.07,0.474
E,39,E,,0,0
S,390,G,1,4.114,0.4744
S,390,H,1,-3.878,-2.782
S,390,S,,0,0
K,391,A,1,3.211,0.4612
K,391,D,1,1.478,0.3609
K,391,E,1,2.043,0.4128
K,391,K,,0,0
K,391,L,1,-0.9977,-0.5889
K,391,N,2,1.812,0.3949
K,391,S,2,0.2288,0.08836
K,391,W,2,1.082,0.3043
K,391,Y,1,0.4888,0.1712
P,392,H,2,-0.1439,-0.06381
P,392,I,2,-1.382,-0.9035
P,392,L,2,0.8397,0.258
P,392,N,1,1.729,0.3874
P,392,P,,0,0
P,392,R,1,-6.107,-3.18
P,392,S,1,-0.3524,-0.1685
P,392,T,1,-0.2153,-0.09796
E,393,C,1,2.189,0.4222
E,393,E,,0,0
E,393,G,1,-1.022,-0.6075
E,393,I,1,3.171,0.4603
E,393,N,1,0.4406,0.1572
E,393,P,1,-0.7915,-0.4387
E,393,R,1,4.397,0.4766
E,393,T,1,3.776,0.4708
N,394,F,1,-1.097,-0.6666
N,394,K,1,-1.285,-0.8211
N,394,L,1,-2.154,-1.61
N,394,M,1,2.863,0.452
N,394,N,,0,0
N,394,W,2,-0.2215,-0.101
C,395,*,1,-1.115,-0.6807
C,395,C,,0,0
C,395,M,1,-9.53,-3.232
C,395,S,1,-10.11,-3.233
C,395,Y,1,-4.136,-2.875
R,396,E,1,0.6869,0.2234
R,396,I,1,2.589,0.4422
R,396,L,1,-0.3586,-0.1718
R,396,N,2,-1.612,-1.109
R,396,R,,0,0
R,396,W,2,-0.613,-0.3206
L,397,C,1,-2.223,-1.672
L,397,E,1,-1.894,-1.37
L,397,F,1,-0.2548,-0.1176
L,397,H,1,-0.134,-0.0592
L,397,K,2,-0.558,-0.2864
L,397,L,,0,0
L,397,M,1,4.896,0.4793
S,398,I,2,-10.82,-3.234
S,398,S,,0,0
S,398,Y,1,-8.027,-3.226
M,399,F,1,0.2218,0.0859
M,399,M,,0,0
G,400,D,1,-0.3911,-0.1895
G,400,E,2,-3.172,-2.42
G,400,F,1,-6.864,-3.208
G,400,G,,0,0
G,400,W,1,-3.957,-2.813
I,401,I,,0,0
I,401,M,2,-1.262,-0.8014
I,401,R,1,-0.9606,-0.5609
I,401,Y,2,-0.5693,-0.2933
R,402,K,1,3.676,0.4694
R,402,N,2,-0.6415,-0.3387
R,402,R,,0,0
R,402,W,1,-0.2984,-0.1399
R,402,Y,1,2.029,0.4118
P,403,A,1,2.19,0.4223
P,403,C,1,-1.683,-1.174
P,403,G,1,0.08466,0.03451
P,403,I,2,3.901,0.4723
P,403,K,1,-0.6802,-0.3637
P,403,N,1,-3.966,-2.816
P,403,P,,0,0
P,403,S,2,2.61,0.443
P,403,V,1,2.118,0.4178
P,403,W,2,-0.5364,-0.2733
N,404,E,1,1.453,0.3579
N,404,H,1,-1.241,-0.7834
N,404,N,,0,0
N,404,P,1,-1.057,-0.635
N,404,R,1,1.054,0.2994
N,404,S,1,-1.18,-0.7332
N,404,V,2,4.05,0.4738
N,404,W,1,-0.5427,-0.2771
S,405,F,1,-2.389,-1.821
S,405,N,2,2.051,0.4134
S,405,Q,1,0.1976,0.07721
S,405,S,,0,0
H,406,H,,0,0
H,406,K,3,0.2078,0.08088
H,406,L,1,-0.3989,-0.1938
H,406,M,1,-1.761,-1.246
H,406,R,1,-1.618,-1.114
Y,407,A,1,-1.765,-1.249
Y,407,F,1,3.438,0.4657
Y,407,K,1,-2.413,-1.842
Y,407,M,2,-0.9837,-0.5783
Y,407,S,1,-0.5021,-0.2528
Y,407,W,1,-0.3256,-0.1542
Y,407,Y,,0,0
I,408,A,2,0.007877,0.003303
I,408,I,,0,0
I,408,L,2,1.958,0.4067
I,408,M,1,-0.7861,-0.435
I,408,T,2,-1.703,-1.192
I,408,W,1,-1.308,-0.8404
L,409,A,1,-1.042,-0.6233
L,409,C,1,-0.341,-0.1623
L,409,F,3,-0.1837,-0.08267
L,409,I,1,-0.3916,-0.1898
L,409,L,,0,0
L,409,T,1,-0.3252,-0.1539
L,409,V,1,-0.2867,-0.1339
L,41,F,1,-1.621,-1.117
L,41,L,,0,0
R,410,A,1,-1.376,-0.899
R,410,C,2,-9.728,-3.233
R,410,G,1,-2.998,-2.304
R,410,H,2,-8.15,-3.227
R,410,K,1,0.3442,0.1273
R,410,L,2,2.128,0.4185
R,410,Q,2,-1.293,-0.8274
R,410,R,,0,0
R,410,W,1,-0.4084,-0.1991
R,410,Y,1,-1.448,-0.9617
S,411,N,1,-0.1151,-0.0505
S,411,P,1,2.575,0.4416
S,411,Q,2,0.2654,0.1011
S,411,S,,0,0
G,412,G,,0,0
G,412,W,1,-7.731,-3.223
L,413,A,1,-0.6459,-0.3415
L,413,I,1,-0.603,-0.3143
L,413,L,,0,0
L,413,Q,1,-0.6499,-0.344
L,414,F,2,-0.1607,-0.0717
L,414,H,1,-6.004,-3.174
L,414,L,,0,0
L,414,N,1,-2.978,-2.29
L,414,P,1,-5.61,-3.145
L,414,Q,1,-1.479,-0.9892
L,414,W,1,-5.048,-3.081
K,415,A,1,1.295,0.3372
K,415,C,1,1.523,0.3661
K,415,G,1,2.372,0.4323
K,415,K,,0,0
K,415,Q,2,-1.037,-0.6189
K,415,R,1,-1.425,-0.9412
Y,416,C,1,3.436,0.4657
Y,416,G,1,-1.445,-0.9589
Y,416,L,2,4.716,0.4785
Y,416,T,2,0.4041,0.1461
Y,416,V,2,-4.32,-2.93
Y,416,Y,,0,0
N,417,D,1,-0.316,-0.1491
N,417,F,1,2.478,0.4374
N,417,G,1,3.906,0.4723
N,417,M,1,3.23,0.4616
N,417,N,,0,0
N,417,P,1,-0.2564,-0.1184
N,417,T,1,-1.657,-1.151
N,417,W,1,-1.318,-0.849
L,418,D,1,-0.3365,-0.1599
L,418,E,1,2.257,0.4262
L,418,F,1,-0.6194,-0.3246
L,418,H,1,-0.9913,-0.584
L,418,L,,0,0
L,418,M,1,-1.417,-0.9344
L,418,Q,2,-1.242,-0.7846
L,418,R,1,2.798,0.4499
L,418,W,1,-0.5146,-0.2603
S,419,E,1,-1.588,-1.087
S,419,I,1,-0.8791,-0.5008
S,419,M,1,-1.121,-0.6852
S,419,P,1,0.789,0.247
S,419,R,3,1.718,0.3863
S,419,S,,0,0
S,419,T,2,0.1621,0.0642
S,419,W,1,0.3392,0.1257
D,420,A,1,-1.533,-1.038
D,420,D,,0,0
D,420,G,4,-0.2497,-0.1151
D,420,H,1,-0.4025,-0.1958
D,420,Q,1,-2.01,-1.477
D,420,R,1,1.783,0.3923
D,420,S,1,-0.8105,-0.4519
D,420,W,1,-1.405,-0.9238
D,420,Y,1,-0.6639,-0.3531
G,421,D,2,0.4438,0.1581
G,421,E,1,2.207,0.4233
G,421,F,1,0.7582,0.2401
G,421,G,,0,0
G,421,H,1,-1.316,-0.8473
G,421,K,1,-0.3882,-0.1879
G,421,L,2,3.717,0.47
G,421,N,1,1.466,0.3594
G,421,P,1,-0.8202,-0.4588
G,421,R,1,-0.1911,-0.08619
G,421,Y,2,1.512,0.3648
E,422,E,,0,0
E,422,H,1,-0.4377,-0.2156
E,422,I,1,0.7983,0.2491
E,422,K,4,0.6286,0.2089
E,422,L,1,-0.3856,-0.1865
E,422,N,1,1.937,0.405
E,422,Q,2,3.069,0.4578
N,423,D,2,2.328,0.4301
N,423,F,1,1.442,0.3565
N,423,H,1,-0.1291,-0.05693
N,423,N,,0,0
N,423,P,1,1.966,0.4072
N,423,Q,1,-1.134,-0.6961
N,423,T,1,-1.457,-0.9696
N,423,W,1,-0.3145,-0.1483
P,424,A,1,3.435,0.4657
P,424,F,1,0.5163,0.179
P,424,G,1,2.012,0.4106
P,424,L,1,4.749,0.4787
P,424,N,1,-1.496,-1.005
P,424,P,,0,0
P,424,Q,1,0.05586,0.02301
P,424,S,1,-0.5038,-0.2539
P,424,T,1,-0.9523,-0.5547
P,424,V,1,2.342,0.4308
P,424,Y,2,2.545,0.4404
K,425,C,2,0.6587,0.2165
K,425,D,1,0.2257,0.08728
K,425,E,1,-2.071,-1.534
K,425,G,3,1.44,0.3563
K,425,K,,0,0
K,425,N,1,-0.04975,-0.02131
K,425,P,1,1.414,0.3531
K,425,Q,1,0.3631,0.1333
K,425,R,1,1.553,0.3695
K,425,T,2,-1.058,-0.6355
K,425,V,1,2.321,0.4297
K,425,W,1,-4.123,-2.871
V,426,A,1,-0.6419,-0.3389
V,426,E,1,-6.273,-3.188
V,426,I,1,1.15,0.3155
V,426,M,1,-0.7107,-0.3838
V,426,T,1,2.538,0.44
V,426,V,,0,0
V,426,W,1,-0.4326,-0.2127
V,427,C,2,1.39,0.35
V,427,D,1,0.8745,0.2653
V,427,F,2,-9.161,-3.232
V,427,G,1,-1.389,-0.9105
V,427,I,1,-5.974,-3.172
V,427,Q,1,1.491,0.3624
V,427,R,1,-1.432,-0.9479
V,427,V,,0,0
F,428,F,,0,0
F,428,T,1,-7.396,-3.219
F,428,V,1,-5.287,-3.113
I,429,A,1,3.64,0.4689
I,429,E,1,-0.005866,-0.002473
I,429,F,1,4.002,0.4733
I,429,G,1,0.5418,0.1861
I,429,I,,0,0
I,429,L,2,-3.349,-2.527
I,429,Q,1,3.163,0.4601
I,429,T,1,-0.3506,-0.1675
I,429,Y,2,-0.316,-0.1491
E,430,D,1,-0.5837,-0.3022
E,430,E,,0,0
E,430,I,1,-0.6208,-0.3255
E,430,P,1,1.442,0.3565
E,430,Q,1,4.618,0.478
E,430,S,2,-0.6096,-0.3184
E,430,W,1,-0.1433,-0.06355
I,431,I,,0,0
I,431,K,1,-1.423,-0.9397
I,431,P,1,-2.513,-1.927
I,431,T,1,0.998,0.2893
I,431,V,2,2.559,0.4409
S,432,F,1,4.721,0.4785
S,432,K,1,3.194,0.4608
S,432,L,1,0.2067,0.0805
S,432,N,1,-0.8725,-0.496
S,432,P,1,1.575,0.3719
S,432,S,,0,0
S,432,W,1,4.053,0.4738
S,432,Y,1,5.252,0.4806
D,433,A,1,-0.8532,-0.4821
D,433,D,,0,0
D,433,G,1,-4.073,-2.854
D,433,L,1,-0.6374,-0.336
D,433,M,1,4.108,0.4744
D,433,Q,1,0.8064,0.2509
D,433,R,1,-1.246,-0.7883
D,433,S,3,2.151,0.4199
D,433,T,1,3.197,0.4609
Q,434,E,1,2.309,0.4291
Q,434,H,4,-0.8731,-0.4965
Q,434,K,1,1.506,0.3642
Q,434,N,1,-0.2822,-0.1316
Q,434,Q,,0,0
Q,434,T,1,-0.773,-0.4259
Q,434,W,1,-0.6698,-0.3569
R,435,M,1,1.231,0.328
R,435,N,1,-1.092,-0.6624
R,435,R,,0,0
R,435,S,1,1.063,0.3009
R,435,T,1,-1.437,-0.9517
R,435,V,1,-0.6708,-0.3576
L,436,E,1,4.945,0.4795
L,436,L,,0,0
L,436,M,1,0.4365,0.1559
S,437,A,1,-1.444,-0.9585
S,437,M,1,1.03,0.2951
S,437,P,1,-4.091,-2.86
S,437,Q,2,-0.2635,-0.122
S,437,S,,0,0
S,437,Y,1,-3.937,-2.805
I,438,I,,0,0
I,438,Q,1,-1.085,-0.6565
I,438,R,1,-5.961,-3.171
I,438,V,1,3.826,0.4714
I,438,W,1,-10.21,-3.233
G,439,G,,0,0
G,439,Q,1,-7.466,-3.22
G,439,S,1,-3.568,-2.644
S,44,F,1,1.688,0.3835
S,44,S,,0,0
S,440,G,1,-1.64,-1.135
S,440,H,1,-5.726,-3.155
S,440,M,1,-8.605,-3.23
S,440,S,,0,0
P,441,D,1,-0.04432,-0.01895
P,441,L,1,-1.28,-0.816
P,441,P,,0,0
P,441,T,1,-0.8696,-0.4939
P,441,V,1,2.058,0.4138
S,442,F,1,-7.01,-3.212
S,442,G,2,-0.6709,-0.3576
S,442,K,1,-2.907,-2.239
S,442,N,1,1.615,0.3761
S,442,Q,1,0.2031,0.07921
S,442,S,,0,0
S,442,T,1,1.888,0.4012
S,442,V,1,-0.604,-0.3149
K,443,K,,0,0
K,443,N,1,-2.177,-1.631
K,443,P,1,-4.206,-2.897
K,443,V,1,-0.6126,-0.3203
I,444,I,,0,0
I,444,K,1,-2.021,-1.487
I,444,M,1,-3.496,-2.607
I,444,N,1,-3.857,-2.774
I,444,Y,1,-0.7598,-0.4169
Y,445,E,1,1.474,0.3604
Y,445,G,2,1.896,0.4019
Y,445,H,1,2.419,0.4346
Y,445,K,2,-1.192,-0.7427
Y,445,N,2,-5.007,-3.075
Y,445,T,2,0.05179,0.02137
Y,445,W,2,3.712,0.4699
Y,445,Y,,0,0
D,446,A,1,3.653,0.4691
D,446,D,,0,0
D,446,F,1,1.444,0.3568
D,446,G,2,2.231,0.4247
D,446,I,1,-0.4294,-0.2108
D,446,N,2,-0.61,-0.3187
D,446,P,1,-1.414,-0.9319
D,446,Q,1,2.771,0.449
D,446,V,1,-0.588,-0.3049
S,447,A,1,2.632,0.4439
S,447,E,2,-0.9564,-0.5577
S,447,F,2,2.644,0.4444
S,447,G,1,1.225,0.327
S,447,H,1,2.502,0.4385
S,447,L,2,-1.525,-1.031
S,447,N,1,1.556,0.3698
S,447,R,1,-2.676,-2.062
S,447,S,,0,0
S,447,V,1,0.6811,0.222
S,447,W,2,-1.307,-0.8395
S,447,Y,1,-1.773,-1.257
L,448,D,1,1.265,0.3329
L,448,F,1,1.583,0.3728
L,448,L,,0,0
L,448,M,1,-1.711,-1.2
L,448,R,1,2.218,0.424
L,448,S,2,-1.468,-0.9794
G,449,D,1,2.308,0.429
G,449,E,1,2.077,0.4151
G,449,G,,0,0
G,449,L,1,2.139,0.4191
G,449,N,1,0.6544,0.2154
G,449,P,1,-2.055,-1.519
G,449,R,2,1.824,0.3959
Q,450,*,2,-4.92,-3.061
Q,450,E,1,-1.384,-0.906
Q,450,Q,,0,0
Q,450,R,2,2.116,0.4177
Q,450,W,2,-0.1767,-0.0793
P,451,L,3,0.8798,0.2664
P,451,P,,0,0
P,451,S,1,-0.5188,-0.2628
P,451,T,2,3.299,0.4631
P,451,Y,1,-0.6662,-0.3546
V,452,A,1,-1.095,-0.6651
V,452,E,1,-0.8904,-0.509
V,452,G,1,-0.663,-0.3525
V,452,M,1,0.09545,0.03875
V,452,N,1,-0.9305,-0.5384
V,452,R,2,0.149,0.0593
V,452,S,1,3.225,0.4615
V,452,V,,0,0
F,453,F,,0,0
F,453,L,1,2.772,0.449
F,453,Q,2,0.7245,0.2324
F,453,S,1,0.01697,0.007091
Y,454,D,1,-6.424,-3.194
Y,454,G,1,-1.126,-0.6898
Y,454,H,1,-0.06776,-0.02922
Y,454,I,1,-0.4492,-0.2221
Y,454,L,1,-1.557,-1.059
Y,454,Q,1,3.69,0.4696
Y,454,R,1,-5.695,-3.152
Y,454,W,1,-1.33,-0.8593
Y,454,Y,,0,0
Q,455,F,1,-4.735,-3.028
Q,455,G,1,-1.244,-0.7861
Q,455,H,1,-0.6389,-0.337
Q,455,K,1,-7.209,-3.216
Q,455,L,2,-1.001,-0.5914
Q,455,Q,,0,0
A,456,A,,0,0
A,456,N,1,-10.09,-3.233
A,456,Q,1,-8.914,-3.231
A,456,T,1,0.5716,0.1941
S,457,A,1,1.506,0.3642
S,457,F,1,-6.005,-3.174
S,457,N,1,-9.483,-3.232
S,457,S,,0,0
F,458,F,,0,0
F,458,H,1,0.8776,0.2659
F,458,K,1,-6.343,-3.191
F,458,L,2,-0.253,-0.1167
F,458,R,1,-4.093,-2.861
F,458,Y,1,-1.887,-1.363
S,459,A,1,-0.819,-0.4579
S,459,E,1,-7.444,-3.22
S,459,I,1,-8.179,-3.227
S,459,S,,0,0
W,460,*,1,-2.697,-2.079
W,460,C,1,-1.102,-0.6703
W,460,T,1,-4.479,-2.972
W,460,W,,0,0
W,460,Y,2,-0.1067,-0.04667
D,461,D,,0,0
D,461,M,1,3.176,0.4604
D,461,N,4,-1.08,-0.6529
D,461,Y,1,-1.565,-1.066
T,462,A,2,0.913,0.2731
T,462,L,1,-4.666,-3.014
T,462,S,1,1.198,0.323
T,462,T,,0,0
T,462,Y,1,-1.323,-0.8533
M,463,A,1,0.5304,0.1829
M,463,H,1,-3.851,-2.771
M,463,I,1,-0.6432,-0.3397
M,463,M,,0,0
M,463,N,1,-0.7646,-0.4201
M,463,R,1,2.821,0.4507
M,463,T,2,1.184,0.3209
M,463,V,1,2.925,0.4539
M,463,W,2,-1.298,-0.8314
M,463,Y,1,1.072,0.3025
I,464,A,1,0.58,0.1963
I,464,C,1,-1.159,-0.7159
I,464,G,1,-1.567,-1.068
I,464,H,1,-1.214,-0.7614
I,464,I,,0,0
I,464,T,2,0.1613,0.0639
K,465,D,1,-5.574,-3.142
K,465,K,,0,0
K,465,R,1,0.7974,0.2489
K,465,Y,1,0.03801,0.01576
F,466,A,1,1.46,0.3588
F,466,E,2,0.3515,0.1296
F,466,F,,0,0
F,466,G,1,-0.7328,-0.3986
F,466,H,1,-0.9961,-0.5878
F,466,M,2,-1.393,-0.9134
F,466,S,1,1.252,0.3311
F,466,Y,1,2.017,0.411
G,467,E,1,-8.129,-3.227
G,467,G,,0,0
G,467,H,1,-1.384,-0.9056
G,467,S,1,-0.859,-0.4863
D,468,C,1,0.08874,0.03611
D,468,D,,0,0
D,468,E,1,0.7941,0.2482
D,468,F,1,5.624,0.4815
D,468,G,2,3.124,0.4592
D,468,H,3,0.1389,0.05548
D,468,L,1,-3.093,-2.369
D,468,N,1,-0.2526,-0.1165
D,468,Q,1,-0.6566,-0.3484
D,468,S,1,1.254,0.3314
D,468,V,1,-0.2244,-0.1025
D,468,Y,2,2.764,0.4488
V,469,A,1,2.576,0.4417
V,469,D,1,-9.425,-3.232
V,469,I,1,-0.4652,-0.2313
V,469,L,1,-3.4,-2.556
V,469,S,1,-3.131,-2.394
V,469,T,2,-0.99,-0.5831
V,469,V,,0,0
L,470,A,1,-0.608,-0.3174
L,470,C,2,0.9423,0.2788
L,470,E,2,-0.4744,-0.2367
L,470,G,1,1.651,0.3799
L,470,H,1,1.569,0.3713
L,470,I,1,-0.6363,-0.3353
L,470,L,,0,0
L,470,P,1,-1.354,-0.8794
L,470,Q,1,-1.263,-0.8023
L,470,R,3,2.712,0.4469
L,470,S,1,-0.07954,-0.03445
L,470,T,1,-1.472,-0.9833
T,471,D,1,-2.914,-2.244
T,471,E,1,4.558,0.4777
T,471,F,2,-1.201,-0.7503
T,471,G,1,-0.9233,-0.5331
T,471,H,1,-1.377,-0.8996
T,471,I,1,-0.1325,-0.05851
T,471,L,2,2.323,0.4298
T,471,M,1,-1.534,-1.039
T,471,N,2,-0.7744,-0.4269
T,471,Q,2,2.18,0.4217
T,471,R,2,0.223,0.0863
T,471,S,1,-1.33,-0.859
T,471,T,,0,0
T,471,V,1,2.689,0.4461
T,471,W,2,3.214,0.4613
T,471,Y,1,-0.85,-0.4798
V,472,F,1,-0.2287,-0.1046
V,472,I,3,0.9732,0.2847
V,472,K,2,0.8721,0.2648
V,472,L,3,-3.508,-2.614
V,472,N,1,-0.8566,-0.4846
V,472,P,2,0.6746,0.2204
V,472,S,2,5.901,0.4819
V,472,T,1,1.81,0.3947
V,472,V,,0,0
V,472,W,1,-0.9206,-0.5311
N,473,A,2,1.309,0.3392
N,473,C,3,1.092,0.306
N,473,E,2,4.371,0.4765
N,473,G,1,4.022,0.4735
N,473,M,2,2.879,0.4525
N,473,N,,0,0
N,473,P,1,-0.7897,-0.4374
N,473,R,2,3.819,0.4713
N,473,S,2,1.799,0.3937
N,473,T,2,-0.6833,-0.3657
N,473,V,1,-4.959,-3.067
P,474,A,1,-0.743,-0.4055
P,474,E,1,2.695,0.4463
P,474,H,1,0.5599,0.191
P,474,I,1,-0.2697,-0.1252
P,474,K,1,3.802,0.4711
P,474,L,1,0.4449,0.1585
P,474,N,3,-1.144,-0.7036
P,474,P,,0,0
P,474,S,3,1.239,0.3292
P,474,V,1,3.956,0.4729
P,474,W,1,-0.9007,-0.5165
L,475,E,1,-6.767,-3.206
L,475,H,2,3.131,0.4594
L,475,L,,0,0
L,475,P,1,-0.04481,-0.01916
L,475,R,1,-6.816,-3.207
L,475,W,1,0.4571,0.162
V,476,D,1,-2.226,-1.675
V,476,E,1,0.8381,0.2577
V,476,H,1,-0.9159,-0.5276
V,476,I,1,1.489,0.3622
V,476,K,1,-1.722,-1.21
V,476,L,1,5.33,0.4808
V,476,N,1,1.63,0.3776
V,476,P,1,-2.822,-2.176
V,476,R,1,-0.2604,-0.1204
V,476,V,,0,0
V,477,A,2,1.598,0.3743
V,477,C,2,-0.9327,-0.5401
V,477,M,2,-0.0134,-0.005665
V,477,V,,0,0
V,477,W,1,-2.833,-2.184
N,478,C,1,0.8228,0.2544
N,478,E,2,-0.2076,-0.09423
N,478,F,1,-0.1546,-0.06884
N,478,H,1,2.208,0.4234
N,478,I,2,3.776,0.4708
N,478,L,1,0.008356,0.003504
N,478,M,1,-0.3448,-0.1644
N,478,N,,0,0
N,478,Q,2,-1.081,-0.6539
N,478,R,1,2.164,0.4207
N,478,S,2,2.858,0.4518
N,478,V,1,-0.8222,-0.4602
N,478,Y,1,-0.8281,-0.4643
W,479,N,1,-5.025,-3.078
W,479,W,,0,0
S,48,G,1,1.962,0.4069
S,48,S,,0,0
R,480,F,1,-0.9855,-0.5797
R,480,K,1,-0.2315,-0.106
R,480,L,1,-2.462,-1.884
R,480,M,1,-0.71,-0.3833
R,480,N,1,2.053,0.4135
R,480,Q,1,1.489,0.3622
R,480,R,,0,0
R,480,W,1,-0.3332,-0.1582
N,481,A,2,3.594,0.4683
N,481,D,2,0.02324,0.00969
N,481,E,1,2.685,0.4459
N,481,H,1,1.251,0.3309
N,481,I,1,-0.8124,-0.4533
N,481,M,2,2.215,0.4238
N,481,N,,0,0
N,481,Q,3,-0.02508,-0.01065
N,481,R,2,-0.921,-0.5314
N,481,T,1,-0.3076,-0.1447
N,481,V,1,-0.3407,-0.1622
N,481,W,1,2.52,0.4393
N,482,G,1,0.3945,0.1432
N,482,L,1,-4.147,-2.879
N,482,N,,0,0
N,482,S,1,1.467,0.3596
N,482,T,1,-0.6158,-0.3223
N,482,Y,1,-3.738,-2.723
T,483,E,1,3.008,0.4562
T,483,I,1,3.499,0.4668
T,483,L,1,-0.7131,-0.3854
T,483,M,4,-0.1975,-0.08929
T,483,P,1,-2.401,-1.831
T,483,Q,1,-1.5,-1.008
T,483,T,,0,0
T,483,V,1,-0.5133,-0.2595
V,484,F,1,4.123,0.4745
V,484,K,1,2.552,0.4407
V,484,M,2,-0.1983,-0.08971
V,484,Q,1,0.527,0.182
V,484,V,,0,0
I,485,A,1,-5.522,-3.137
I,485,C,1,-0.4629,-0.23
I,485,F,1,-4.493,-2.975
I,485,G,1,-1.216,-0.7626
I,485,H,1,-1.268,-0.8061
I,485,I,,0,0
I,485,L,2,-0.836,-0.4699
I,485,Q,2,-1.248,-0.7897
I,485,T,1,0.4771,0.1679
I,485,V,3,-0.687,-0.3681
I,485,W,1,-8.706,-3.23
S,486,A,3,-2.702,-2.083
S,486,H,1,-7.96,-3.226
S,486,S,,0,0
S,486,Y,1,-2.394,-1.825
R,487,C,1,-3.385,-2.547
R,487,D,1,-3.803,-2.752
R,487,F,1,-6.185,-3.184
R,487,R,,0,0
R,487,S,1,-3.305,-2.501
R,487,T,1,-9.484,-3.232
P,488,E,1,-6.581,-3.2
P,488,H,1,-1.806,-1.288
P,488,P,,0,0
P,488,R,1,-8.539,-3.229
A,49,A,,0,0
A,49,T,3,-0.08596,-0.03732
Q,490,*,1,-2.071,-1.534
Q,490,F,1,-5.768,-3.158
Q,490,L,1,-0.05086,-0.0218
Q,490,N,1,-7.632,-3.222
Q,490,Q,,0,0
Q,490,V,2,-5.626,-3.147
Q,490,W,1,-0.6466,-0.3419
S,491,C,1,-5.717,-3.154
S,491,I,1,0.7554,0.2395
S,491,K,1,-3.248,-2.467
S,491,P,1,-6.548,-3.199
S,491,S,,0,0
S,491,V,1,-9.354,-3.232
Q,492,F,1,-0.5597,-0.2875
Q,492,I,1,-0.934,-0.541
Q,492,L,2,2.425,0.4349
Q,492,M,1,-0.7127,-0.3851
Q,492,Q,,0,0
Q,492,R,3,-0.5611,-0.2883
Q,492,V,1,1.513,0.365
Q,492,Y,1,-0.6672,-0.3552
C,493,C,,0,0
C,493,E,1,-3.987,-2.824
C,493,P,1,-9.093,-3.231
C,493,T,1,-4.954,-3.067
P,494,E,1,-3.933,-2.803
P,494,G,1,0.9857,0.287
P,494,P,,0,0
P,494,S,1,-0.422,-0.2067
P,494,W,1,-8.774,-3.23
R,495,A,1,-1.597,-1.096
R,495,M,1,-2.608,-2.007
R,495,R,,0,0
R,495,Y,1,-7.844,-3.224
F,496,A,1,0.9771,0.2854
F,496,D,1,2.237,0.4251
F,496,F,,0,0
F,496,Q,1,-1.778,-1.262
F,496,R,1,-1.883,-1.359
F,496,S,1,-0.4784,-0.239
F,496,W,1,1.205,0.324
F,496,Y,1,0.4756,0.1674
N,497,C,1,-8.196,-3.227
N,497,D,1,-7.43,-3.22
N,497,F,1,-1.65,-1.144
N,497,M,1,-2.64,-2.033
N,497,N,,0,0
N,497,Q,1,-0.1016,-0.04434
N,497,S,1,-0.1917,-0.08649
T,498,H,1,0.5678,0.1931
T,498,I,2,2.449,0.4361
T,498,K,1,-5.931,-3.169
T,498,N,1,-0.6055,-0.3158
T,498,Q,2,-0.5883,-0.3051
T,498,R,1,-2.043,-1.508
T,498,S,2,0.1143,0.04606
T,498,T,,0,0
T,498,Y,1,-0.8104,-0.4519
C,499,*,1,-1.078,-0.651
C,499,C,,0,0
C,499,N,1,-2.719,-2.096
F,50,F,,0,0
F,50,I,1,-1.414,-0.9317
F,50,L,1,-3.836,-2.765
F,50,S,1,1.824,0.3959
P,500,I,1,-7.812,-3.224
P,500,P,,0,0
E,501,A,1,-1.993,-1.461
E,501,C,1,-3.622,-2.67
E,501,D,1,-1.121,-0.6851
E,501,E,,0,0
E,501,F,2,-1.531,-1.036
E,501,K,2,-6.645,-3.202
E,501,T,2,-3.255,-2.471
E,501,V,1,-1.233,-0.7767
E,501,Y,1,-1.98,-1.449
I,502,D,1,-1.221,-0.7668
I,502,G,1,-1.52,-1.025
I,502,I,,0,0
I,502,K,1,-0.7234,-0.3923
I,502,L,1,-0.6095,-0.3183
I,502,M,2,-0.1259,-0.05545
I,502,Q,2,2.521,0.4393
I,502,V,1,3.126,0.4592
I,502,W,1,-1.631,-1.126
C,503,C,,0,0
C,503,F,1,-4.394,-2.95
C,503,H,1,-6.067,-3.177
C,503,I,1,-5.84,-3.163
E,505,D,1,-6.622,-3.201
E,505,E,,0,0
E,505,F,1,-5.165,-3.097
E,505,H,1,-7.256,-3.217
E,505,P,1,-10.24,-3.233
G,506,A,1,-6.073,-3.178
G,506,F,1,-2.786,-2.149
G,506,G,,0,0
G,506,M,1,-3.267,-2.479
V,507,C,1,-1.411,-0.9292
V,507,I,1,-0.7539,-0.4128
V,507,V,,0,0
Y,508,C,1,-5.491,-3.134
Y,508,D,1,-1.345,-0.872
Y,508,H,1,0.7449,0.2371
Y,508,K,1,-5.979,-3.172
Y,508,M,3,-0.7086,-0.3824
Y,508,P,1,-0.5844,-0.3027
Y,508,Q,1,-2.511,-1.926
Y,508,Y,,0,0
N,509,A,1,-0.592,-0.3074
N,509,D,1,1.538,0.3678
N,509,L,2,0.9474,0.2798
N,509,N,,0,0
N,509,R,1,-9.627,-3.233
D,510,C,1,-2.027,-1.492
D,510,D,,0,0
D,510,E,2,-0.5924,-0.3076
D,510,H,1,-1.138,-0.6992
D,510,N,1,-2.932,-2.257
D,510,V,1,-7.416,-3.219
A,511,A,,0,0
A,511,D,2,-7.57,-3.221
A,511,S,1,-3.278,-2.485
A,511,T,1,-5.094,-3.088
A,511,W,1,-8.697,-3.23
F,512,A,1,3.399,0.465
F,512,C,1,-1.224,-0.7696
F,512,F,,0,0
F,512,I,1,-0.8145,-0.4547
F,512,M,2,-0.5364,-0.2733
F,512,R,1,-2.426,-1.852
F,512,S,1,-0.6948,-0.3733
F,512,T,1,-0.4532,-0.2244
F,512,V,1,-0.7205,-0.3904
F,512,W,1,-0.276,-0.1284
L,513,A,1,-0.2872,-0.1341
L,513,E,1,-1.291,-0.8255
L,513,L,,0,0
L,513,M,1,2.185,0.422
L,513,Q,1,3.65,0.4691
L,513,T,1,-0.5167,-0.2615
L,513,V,1,-0.4408,-0.2173
I,514,I,,0,0
I,514,L,1,1.336,0.3429
I,514,M,2,3.682,0.4695
I,514,P,1,-4.095,-2.861
I,514,V,1,3.252,0.4621
I,514,Y,1,2.968,0.4551
D,515,D,,0,0
D,515,N,1,-0.903,-0.5182
R,516,A,1,0.1254,0.05035
R,516,F,1,-0.8295,-0.4653
R,516,G,1,2.612,0.4431
R,516,I,1,-3.105,-2.377
R,516,M,2,-0.2856,-0.1333
R,516,P,1,2.832,0.451
R,516,R,,0,0
R,516,T,1,-1.059,-0.636
R,516,V,1,2.302,0.4287
I,517,D,1,1.379,0.3487
I,517,H,1,-0.7787,-0.4299
I,517,I,,0,0
I,517,L,1,4.052,0.4738
I,517,R,1,0.2205,0.08543
I,517,S,5,-0.3862,-0.1868
I,517,W,1,1.319,0.3406
I,517,Y,1,3.203,0.461
N,518,D,2,-0.3254,-0.154
N,518,H,1,2.821,0.4507
N,518,K,2,1.142,0.3142
N,518,N,,0,0
N,518,Q,1,-0.5923,-0.3075
W,519,*,1,-2.724,-2.1
W,519,C,1,-0.5793,-0.2995
W,519,E,1,1.825,0.396
W,519,H,1,0.814,0.2525
W,519,K,2,1.88,0.4006
W,519,L,1,-3.351,-2.528
W,519,P,1,1.886,0.401
W,519,Q,1,-4.54,-2.987
W,519,R,1,3.879,0.472
W,519,T,1,1.466,0.3594
W,519,W,,0,0
I,520,I,,0,0
I,520,L,1,-0.7257,-0.3938
I,520,M,1,1.828,0.3962
I,520,R,1,-4.65,-3.011
I,520,S,1,-1.45,-0.9633
I,520,W,1,-8.525,-3.229
S,521,F,1,-0.886,-0.5058
S,521,G,1,-0.8725,-0.496
S,521,K,1,-6.145,-3.182
S,521,N,2,-0.08028,-0.03478
S,521,S,,0,0
S,521,V,1,2.251,0.4259
S,521,W,1,-2.409,-1.838
A,522,A,,0,0
A,522,F,1,-0.4586,-0.2275
A,522,I,2,-0.7601,-0.4171
A,522,Q,1,-8.238,-3.228
A,522,S,1,1.203,0.3237
A,522,V,1,-0.2707,-0.1256
A,522,Y,1,-1.563,-1.065
G,523,G,,0,0
G,523,Q,1,-4.768,-3.034
G,523,R,1,-7.697,-3.223
G,523,V,3,-3.45,-2.583
V,524,F,1,-2.967,-2.282
V,524,I,3,-1.108,-0.6746
V,524,T,1,-0.6978,-0.3752
V,524,V,,0,0
F,525,F,,0,0
F,525,L,2,-0.02969,-0.01262
F,525,Q,1,3.944,0.4727
L,526,D,1,-1.269,-0.8068
L,526,E,1,0.7459,0.2373
L,526,F,2,-8.011,-3.226
L,526,L,,0,0
L,526,P,1,-5.673,-3.151
L,526,W,2,-7.392,-3.219
D,527,D,,0,0
D,527,F,1,2.37,0.4323
D,527,G,3,-1.077,-0.6508
D,527,L,1,-0.6908,-0.3706
D,527,N,1,1.013,0.2921
D,527,Q,1,-0.5658,-0.2912
D,527,S,1,-0.6349,-0.3344
D,527,T,1,-1.673,-1.165
D,527,V,1,2.908,0.4534
D,527,Y,2,0.1782,0.07012
S,528,F,1,-1.773,-1.257
S,528,L,1,-4.419,-2.957
S,528,N,2,-2.427,-1.853
S,528,S,,0,0
N,529,A,1,-0.4009,-0.1949
N,529,D,2,0.138,0.05513
N,529,L,1,-3.36,-2.533
N,529,N,,0,0
N,529,R,1,0.8727,0.2649
N,529,S,2,-0.05306,-0.02276
V,53,L,1,-2.499,-1.916
V,53,V,,0,0
Q,530,A,1,-8.589,-3.23
Q,530,C,1,1.225,0.327
Q,530,F,2,3.733,0.4702
Q,530,K,2,-5.027,-3.078
Q,530,N,2,-1.816,-1.297
Q,530,Q,,0,0
T,531,I,1,-4.603,-3.001
T,531,S,1,-4.138,-2.876
T,531,T,,0,0
T,531,V,1,-0.6847,-0.3666
A,532,A,,0,0
A,532,D,1,-5.639,-3.148
A,532,Q,1,-5.69,-3.152
A,532,T,2,-4.766,-3.034
E,533,E,,0,0
E,533,K,1,-0.0225,-0.009541
E,533,N,1,-8.635,-3.23
E,533,T,1,-7.71,-3.223
N,534,H,1,1.687,0.3834
N,534,K,1,2.113,0.4175
N,534,L,1,-6.725,-3.205
N,534,M,1,-1.823,-1.304
N,534,N,,0,0
N,534,R,1,2.813,0.4504
N,534,Y,1,-5.208,-3.103
P,535,G,1,-0.008757,-0.003695
P,535,P,,0,0
P,535,S,1,-0.06738,-0.02905
V,536,C,1,-0.669,-0.3564
V,536,D,1,-1.009,-0.5977
V,536,H,1,0.6746,0.2204
V,536,K,1,0.382,0.1393
V,536,P,1,-1.169,-0.7244
V,536,R,1,0.9678,0.2837
V,536,V,,0,0
V,536,W,2,0.991,0.288
V,536,Y,1,1.12,0.3106
F,537,F,,0,0
F,537,L,1,-0.2077,-0.09427
F,537,M,1,0.3843,0.14
F,537,Q,1,-9.433,-3.232
F,537,W,1,-4.845,-3.048
F,537,Y,1,-3.264,-2.477
T,538,C,1,3.125,0.4592
T,538,E,1,-0.7589,-0.4163
T,538,G,2,1.997,0.4095
T,538,H,2,-0.7462,-0.4077
T,538,I,3,-0.01247,-0.005268
T,538,K,1,0.2983,0.1123
T,538,M,1,0.2494,0.09558
T,538,Q,1,-0.9042,-0.519
T,538,T,,0,0
T,538,V,2,-1.434,-0.9493
T,538,W,1,-0.02696,-0.01145
T,538,Y,1,-1.864,-1.341
V,539,C,1,-0.6172,-0.3232
V,539,F,1,-1.629,-1.124
V,539,I,3,-1.219,-0.765
V,539,L,1,-4.205,-2.897
V,539,V,,0,0
F,540,A,1,-0.7048,-0.3799
F,540,F,,0,0
F,540,G,1,-1.886,-1.362
F,540,L,2,-0.6125,-0.3202
F,540,N,2,0.1592,0.06311
F,540,Y,1,-0.8105,-0.4519
K,541,E,1,-1.2,-0.7497
K,541,F,1,-0.9166,-0.5281
K,541,G,2,3.969,0.473
K,541,H,1,-4.606,-3.001
K,541,K,,0,0
K,541,L,3,3.94,0.4727
K,541,Q,1,0.0005254,0.0002209
K,541,R,1,-1.192,-0.7429
K,541,V,1,-0.6645,-0.3534
K,541,W,1,-0.9417,-0.5467
K,541,Y,1,2.485,0.4377
D,542,A,1,-3.517,-2.618
D,542,D,,0,0
D,542,F,1,-6.982,-3.211
D,542,L,1,-0.5983,-0.3113
D,542,M,1,-0.9601,-0.5605
D,542,N,2,3.048,0.4573
N,543,C,1,0.1085,0.04382
N,543,D,1,-1.512,-1.019
N,543,E,1,-0.4961,-0.2493
N,543,I,1,0.2618,0.09986
N,543,L,2,1.165,0.3178
N,543,N,,0,0
N,543,S,1,0.06081,0.02501
N,543,T,2,2.909,0.4534
E,544,A,1,0.4615,0.1633
E,544,E,,0,0
E,544,F,1,-2.659,-2.048
E,544,H,1,-1.092,-0.6619
E,544,Q,1,4.164,0.4749
E,544,T,1,3.441,0.4657
E,544,W,1,3.454,0.466
I,545,A,3,-0.4533,-0.2245
I,545,E,1,-0.5623,-0.2891
I,545,F,3,1.099,0.3071
I,545,I,,0,0
I,545,K,1,2.992,0.4558
I,545,R,2,1.985,0.4087
L,546,A,1,-6.995,-3.212
L,546,C,1,0.6637,0.2177
L,546,E,1,-7.882,-3.225
L,546,L,,0,0
L,546,N,1,-5.787,-3.159
L,546,P,1,-4.009,-2.832
Y,547,A,1,-3.545,-2.632
Y,547,E,1,-2.708,-2.088
Y,547,H,1,2.917,0.4536
Y,547,I,1,3.171,0.4603
Y,547,M,1,1.658,0.3805
Y,547,N,1,-1.089,-0.6602
Y,547,R,2,-6.365,-3.192
Y,547,S,2,0.01625,0.006793
Y,547,T,1,-0.2415,-0.111
Y,547,V,2,2.505,0.4386
Y,547,W,1,-0.8029,-0.4466
Y,547,Y,,0,0
R,548,F,1,4.264,0.4757
R,548,H,2,1.316,0.3402
R,548,L,1,-0.2925,-0.1369
R,548,Q,1,-0.3476,-0.1659
R,548,R,,0,0
R,548,S,1,-0.2909,-0.136
R,548,T,1,-0.888,-0.5073
R,548,W,1,-1.32,-0.8507
A,549,A,,0,0
A,549,E,1,-0.5417,-0.2765
A,549,G,1,3.565,0.4678
A,549,H,1,-1.41,-0.9281
A,549,I,1,3.395,0.4649
A,549,K,1,-0.3166,-0.1494
A,549,M,1,0.2364,0.09105
A,549,N,1,-0.8015,-0.4456
A,549,Q,2,0.7125,0.2295
A,549,S,2,-0.08919,-0.03877
A,549,T,4,-1.848,-1.327
A,549,V,3,0.8627,0.2628
A,549,W,1,2.975,0.4553
A,55,A,,0,0
A,55,V,4,-0.7676,-0.4222
Q,550,C,1,-1.248,-0.7898
Q,550,D,2,0.5414,0.1859
Q,550,F,2,1.542,0.3683
Q,550,H,1,-0.6395,-0.3373
Q,550,I,1,-1.126,-0.6894
Q,550,L,2,1.554,0.3696
Q,550,P,1,3.014,0.4564
Q,550,Q,,0,0
Q,550,R,1,3.917,0.4724
Q,550,S,2,-0.5925,-0.3077
Q,550,W,1,-1.674,-1.166
Q,550,Y,1,0.1027,0.04158
L,551,D,1,-1.707,-1.196
L,551,F,1,4.395,0.4766
L,551,L,,0,0
L,551,S,1,-3.148,-2.405
A,552,A,,0,0
A,552,E,1,-7.339,-3.218
A,552,G,3,-1.526,-1.031
A,552,H,1,4.824,0.479
A,552,R,1,0.9623,0.2826
S,553,E,1,-1.659,-1.152
S,553,F,1,-7.795,-3.224
S,553,H,2,-0.1005,-0.04385
S,553,I,2,1.105,0.3081
S,553,N,1,-1.083,-0.6553
S,553,R,1,-0.4677,-0.2328
S,553,S,,0,0
S,553,T,1,0.07459,0.03052
S,553,Y,1,-0.922,-0.5321
E,554,E,,0,0
E,554,F,1,3.904,0.4723
E,554,K,1,5.128,0.4802
E,554,M,1,-0.3105,-0.1462
E,554,R,1,5.206,0.4804
D,555,D,,0,0
D,555,E,1,2.53,0.4397
D,555,F,1,-0.2842,-0.1326
D,555,G,1,-4.073,-2.854
D,555,N,1,-1.493,-1.002
D,555,V,1,-0.8155,-0.4554
T,556,E,1,-7.905,-3.225
T,556,G,1,-1.064,-0.6406
T,556,T,,0,0
N,557,L,1,-7.951,-3.225
N,557,N,,0,0
N,557,W,1,-5.605,-3.145
N,557,Y,1,-6.886,-3.209
A,558,A,,0,0
A,558,I,1,-7.477,-3.22
A,558,R,1,-8.035,-3.226
A,558,S,1,-3.467,-2.592
A,558,V,1,-6.636,-3.202
Q,559,A,1,0.1306,0.05234
Q,559,F,1,-1.598,-1.096
Q,559,K,2,1.756,0.3899
Q,559,L,1,-2.749,-2.12
Q,559,Q,,0,0
Q,559,R,1,0.9192,0.2743
Q,559,T,1,-4.253,-2.911
Q,559,W,2,-8.038,-3.226
Q,559,Y,1,-0.1075,-0.04704
K,560,A,1,-1.128,-0.6913
K,560,E,1,-0.8187,-0.4577
K,560,K,,0,0
K,560,N,1,-0.7487,-0.4093
T,561,A,1,2.592,0.4423
T,561,H,1,-8.399,-3.229
T,561,P,1,-7.454,-3.22
T,561,R,1,-6.501,-3.197
T,561,S,1,-1.061,-0.6382
T,561,T,,0,0
T,561,V,1,0.4614,0.1633
I,562,C,1,0.6335,0.2102
I,562,D,1,2.843,0.4514
I,562,F,1,0.2719,0.1033
I,562,I,,0,0
I,562,Q,2,-0.9213,-0.5316
I,562,T,1,-0.6483,-0.343
I,562,W,1,-1.907,-1.381
I,562,Y,1,1.463,0.3591
T,563,I,1,-1.904,-1.379
T,563,N,2,-1.449,-0.9628
T,563,T,,0,0
N,564,E,1,-0.7856,-0.4346
N,564,F,1,2.78,0.4493
N,564,G,1,-0.7401,-0.4035
N,564,H,1,-1.436,-0.9509
N,564,N,,0,0
N,564,S,2,-0.1092,-0.04782
N,564,Y,1,2.196,0.4227
F,566,D,1,-3.737,-2.723
F,566,F,,0,0
F,566,G,3,-0.9527,-0.5549
F,566,K,1,-0.4427,-0.2184
F,566,M,1,2.227,0.4245
F,566,R,1,1.44,0.3563
F,566,S,1,-0.7224,-0.3916
F,566,T,1,-2.706,-2.086
F,566,Y,1,-1.93,-1.403
L,567,D,1,2.087,0.4157
L,567,F,1,-1.493,-1.002
L,567,I,1,-6.132,-3.181
L,567,K,1,4.428,0.4768
L,567,L,,0,0
L,567,M,1,-0.3064,-0.1441
L,567,N,2,3.605,0.4684
L,567,R,1,0.2976,0.112
L,568,C,1,-0.66,-0.3505
L,568,E,1,-1.297,-0.8308
L,568,G,1,-1.397,-0.9169
L,568,I,1,-1.669,-1.161
L,568,K,1,-0.314,-0.148
L,568,L,,0,0
L,568,V,1,2.792,0.4497
L,568,Y,1,-2.421,-1.849
K,569,H,2,-0.3149,-0.1485
K,569,K,,0,0
K,569,M,1,-1.479,-0.9895
K,569,Q,1,3.208,0.4611
K,569,S,1,1.837,0.397
K,569,T,1,-2.381,-1.814
K,569,V,1,2.695,0.4463
K,569,W,2,-0.9386,-0.5444
N,570,A,3,-0.7848,-0.4341
N,570,E,1,1.958,0.4066
N,570,K,1,0.6875,0.2236
N,570,N,,0,0
N,570,Q,1,2.439,0.4356
N,570,S,1,2.665,0.4452
K,571,C,1,0.175,0.06897
K,571,D,1,3.491,0.4666
K,571,H,2,-2.826,-2.179
K,571,I,1,-0.3573,-0.1711
K,571,K,,0,0
K,571,N,2,2.558,0.4409
K,571,R,1,-0.685,-0.3669
K,571,W,1,3.677,0.4695
K,571,Y,1,-0.8938,-0.5115
I,572,A,1,0.6491,0.2141
I,572,C,1,-3.502,-2.611
I,572,G,2,-0.8469,-0.4777
I,572,I,,0,0
I,572,K,1,-0.5888,-0.3054
I,572,L,1,-1.528,-1.033
I,572,S,2,-0.4086,-0.1992
W,573,K,1,-4.503,-2.978
W,573,N,1,1.586,0.3731
W,573,Q,1,-1.411,-0.9292
W,573,W,,0,0
C,574,C,,0,0
C,574,R,1,-5.234,-3.106
I,575,G,1,-4.414,-2.956
I,575,I,,0,0
I,575,K,1,-5.386,-3.124
I,575,N,1,-6.993,-3.212
I,575,S,1,0.281,0.1064
I,575,W,1,-2.849,-2.197
S,576,C,1,-0.9092,-0.5227
S,576,G,1,-4.109,-2.866
S,576,K,1,-7.049,-3.213
S,576,M,1,-1.227,-0.7723
S,576,N,1,-1.77,-1.254
S,576,S,,0,0
S,576,T,1,0.8716,0.2647
S,576,V,2,-0.598,-0.3111
S,576,W,1,-6.288,-3.189
L,577,I,1,-0.8165,-0.4561
L,577,L,,0,0
V,578,A,2,-0.4194,-0.2052
V,578,D,1,-6.491,-3.197
V,578,F,1,-6.889,-3.209
V,578,G,1,-8.823,-3.231
V,578,M,2,-0.8166,-0.4562
V,578,V,,0,0
E,579,A,1,-9.601,-3.233
E,579,E,,0,0
E,579,K,3,-6.019,-3.175
E,579,W,1,-9.09,-3.231
G,58,G,,0,0
G,58,V,1,-1.833,-1.312
I,580,A,1,-0.2054,-0.09315
I,580,C,1,-2.668,-2.056
I,580,E,1,4.135,0.4746
I,580,G,3,-0.982,-0.577
I,580,H,1,-2.318,-1.758
I,580,I,,0,0
I,580,L,1,-1.954,-1.425
I,580,M,1,-5.719,-3.154
I,580,S,1,-1.576,-1.076
I,580,W,1,3.095,0.4585
I,580,Y,1,-0.5329,-0.2712
Y,581,*,1,-1.594,-1.093
Y,581,H,1,-2.982,-2.293
Y,581,P,1,-1.954,-1.425
Y,581,Y,,0,0
D,582,D,,0,0
D,582,E,1,0.1874,0.07352
D,582,F,1,1.929,0.4044
D,582,G,1,-1.829,-1.309
D,582,N,1,-0.7283,-0.3956
D,582,Q,2,4.107,0.4743
D,582,Y,1,2.193,0.4225
T,583,E,1,-0.4719,-0.2352
T,583,I,1,-1.127,-0.6905
T,583,N,1,-0.5342,-0.272
T,583,R,2,-1.195,-0.7453
T,583,T,,0,0
G,584,G,,0,0
G,584,M,1,-5.636,-3.148
G,584,N,1,-1.898,-1.373
G,584,S,2,-0.6649,-0.3537
G,584,V,1,-6.433,-3.195
D,585,D,,0,0
D,585,H,1,-3.142,-2.401
D,585,I,1,-5.623,-3.146
D,585,S,1,-2.699,-2.08
D,585,T,1,-3.46,-2.588
N,586,E,1,-1.4,-0.9195
N,586,I,1,-2.656,-2.046
N,586,M,1,1.439,0.3562
N,586,N,,0,0
N,586,R,1,1.448,0.3573
V,587,A,1,1.894,0.4017
V,587,I,3,-1.364,-0.8882
V,587,K,1,-0.1449,-0.06426
V,587,M,1,2.936,0.4542
V,587,N,1,-1.363,-0.8874
V,587,P,1,-0.6377,-0.3362
V,587,R,1,-0.2611,-0.1208
V,587,S,1,-1.616,-1.113
V,587,V,,0,0
V,587,Y,1,-0.7513,-0.4111
I,588,I,,0,0
I,588,P,1,-1.427,-0.9437
I,588,Q,1,-2.704,-2.084
I,588,T,1,-8.652,-3.23
I,588,Y,1,0.2598,0.09917
R,589,C,1,-2.084,-1.545
R,589,D,1,-0.9345,-0.5414
R,589,E,1,-1.345,-0.8722
R,589,H,2,-1.424,-0.9409
R,589,K,1,2.779,0.4493
R,589,L,1,-2.887,-2.225
R,589,R,,0,0
P,590,A,1,4.193,0.4751
P,590,P,,0,0
P,590,S,1,-0.6722,-0.3585
P,590,V,1,-9.182,-3.232
K,591,A,1,-0.3709,-0.1784
K,591,E,1,-1.168,-0.7234
K,591,G,1,3.674,0.4694
K,591,K,,0,0
L,592,G,1,-2.296,-1.739
L,592,I,1,-1.157,-0.7144
L,592,L,,0,0
L,592,P,1,-1.854,-1.332
L,592,V,1,-1.644,-1.138
F,593,D,1,-9.478,-3.232
F,593,E,1,-9.462,-3.232
F,593,F,,0,0
F,593,H,1,-1.289,-0.8244
F,593,I,1,-0.629,-0.3306
F,593,L,2,-0.7715,-0.4249
F,593,M,1,-0.816,-0.4558
F,593,R,1,-4.828,-3.045
F,593,S,1,-2.366,-1.8
F,593,T,1,-5.172,-3.098
F,593,W,1,-0.3882,-0.1879
A,594,A,,0,0
A,594,C,1,-4.319,-2.93
A,594,G,1,-1.773,-1.257
A,594,I,1,-1.843,-1.322
A,594,K,1,-4.125,-2.872
A,594,M,1,-1.259,-0.7986
A,594,N,1,-6.954,-3.211
A,594,R,1,-5.692,-3.152
A,594,T,1,0.2526,0.0967
V,595,A,1,-6.196,-3.184
V,595,C,1,-1.295,-0.8294
V,595,F,1,-4.382,-2.947
V,595,I,3,0.8002,0.2495
V,595,S,1,-0.9867,-0.5806
V,595,V,,0,0
K,596,D,1,0.6575,0.2162
K,596,E,4,0.09789,0.0397
K,596,G,1,2.385,0.433
K,596,H,1,-1.169,-0.7239
K,596,K,,0,0
K,596,L,1,-1.556,-1.058
K,596,R,1,2.397,0.4336
K,596,S,1,3.613,0.4685
K,596,W,1,0.6794,0.2216
I,597,F,1,-0.8703,-0.4944
I,597,I,,0,0
I,597,Q,1,-1.625,-1.121
P,598,F,2,-1.187,-0.7386
P,598,G,1,-0.5997,-0.3122
P,598,L,2,-0.04774,-0.02044
P,598,P,,0,0
P,598,Q,1,-2.898,-2.232
P,598,S,3,-2.184,-1.637
P,598,V,2,-0.04926,-0.0211
E,599,C,1,-0.9503,-0.5531
E,599,E,,0,0
E,599,F,1,-0.4008,-0.1949
E,599,G,1,0.7459,0.2373
E,599,H,3,3.496,0.4667
E,599,I,1,-1.521,-1.027
E,599,K,1,-0.5205,-0.2638
E,599,N,1,0.0742,0.03036
Q,600,*,2,0.832,0.2564
Q,600,C,1,-0.3591,-0.1721
Q,600,E,1,-0.4894,-0.2454
Q,600,F,1,-0.8461,-0.4771
Q,600,I,2,-0.2148,-0.09771
Q,600,K,1,-6.389,-3.193
Q,600,P,1,3.261,0.4623
Q,600,Q,,0,0
Q,600,S,1,3.033,0.4569
Q,600,W,2,1.23,0.3279
Q,600,Y,1,3.318,0.4635
C,601,C,,0,0
C,601,E,1,-0.5843,-0.3026
C,601,F,1,-2.099,-1.559
C,601,I,1,-2.247,-1.694
C,601,Y,2,-3.771,-2.738
T,602,A,1,-0.5611,-0.2883
T,602,D,1,3.165,0.4602
T,602,G,2,-0.6836,-0.366
T,602,H,1,-1.441,-0.9559
T,602,I,1,-0.1779,-0.07988
T,602,M,2,-0.4671,-0.2324
T,602,N,1,-0.7215,-0.391
T,602,P,2,0.6488,0.2141
T,602,Q,2,0.9706,0.2842
T,602,T,,0,0
T,602,V,1,0.303,0.1138
V,64,A,1,-0.4373,-0.2153
V,64,V,,0,0
Q,71,H,1,-5.692,-3.152
Q,71,K,1,0.9864,0.2872
Q,71,P,1,-3.057,-2.345
Q,71,Q,,0,0
Q,71,R,1,0.1049,0.04242
Q,71,T,1,-4.57,-2.993
N,72,A,2,-0.6635,-0.3528
N,72,K,1,2.514,0.439
N,72,M,1,4.378,0.4765
N,72,N,,0,0
N,72,P,2,-12.7,-3.234
N,72,Q,2,0.4725,0.1665
N,72,R,1,4.356,0.4764
N,72,T,1,-2.412,-1.84
N,72,V,2,-2.428,-1.854
N,72,Y,2,3.696,0.4697
Y,73,D,1,-0.0629,-0.02707
Y,73,I,1,-0.5421,-0.2768
Y,73,V,1,2.4,0.4337
Y,73,Y,,0,0
T,74,C,2,-1.855,-1.333
T,74,D,1,1.325,0.3414
T,74,I,1,-0.5935,-0.3083
T,74,N,1,3.344,0.464
T,74,Q,2,-0.571,-0.2944
T,74,R,2,-1.227,-0.7723
T,74,S,1,2.812,0.4504
T,74,T,,0,0
R,75,D,1,-2.024,-1.49
R,75,E,1,2.712,0.4469
R,75,G,1,0.7347,0.2347
R,75,H,2,2.635,0.444
R,75,K,2,-0.6439,-0.3402
R,75,L,2,-0.2904,-0.1358
R,75,R,,0,0
R,75,Y,1,2.344,0.4309
S,76,F,1,3.285,0.4628
S,76,N,2,-0.2115,-0.09613
S,76,R,1,2.448,0.436
S,76,S,,0,0
T,77,A,2,0.9718,0.2844
T,77,D,1,1.923,0.404
T,77,E,1,-1.227,-0.7722
T,77,F,2,-1.725,-1.213
T,77,H,2,-0.9036,-0.5186
T,77,I,3,-1.235,-0.7791
T,77,K,1,-0.1155,-0.05067
T,77,L,2,-1.008,-0.597
T,77,N,1,-0.546,-0.2791
T,77,S,1,-0.5229,-0.2652
T,77,T,,0,0
T,77,W,1,1.552,0.3694
T,77,Y,1,-0.8908,-0.5093
D,78,D,,0,0
D,78,E,2,-0.9194,-0.5302
D,78,K,1,-1.449,-0.9623
D,78,N,2,-2.014,-1.481
D,78,Q,1,1.668,0.3815
D,78,R,3,-0.7962,-0.4419
D,78,S,1,-1.786,-1.269
D,78,Y,1,2.572,0.4415
N,79,L,1,-2.37,-1.804
N,79,M,2,-1.035,-0.6179
N,79,N,,0,0
N,79,Q,1,-0.584,-0.3024
N,79,S,1,-4.079,-2.856
N,79,Y,1,-0.264,-0.1223
Q,80,*,1,-4.035,-2.841
Q,80,A,1,-0.9109,-0.524
Q,80,E,1,0.1987,0.07761
Q,80,G,1,-5.877,-3.166
Q,80,Q,,0,0
Q,80,R,1,-3.425,-2.57
A,81,A,,0,0
A,81,E,1,-0.8229,-0.4606
A,81,L,1,1.811,0.3948
A,81,V,1,-0.1676,-0.07496
A,81,Y,1,-1.842,-1.321
V,82,A,1,2.667,0.4453
V,82,F,1,-0.3776,-0.1821
V,82,K,1,1.547,0.3688
V,82,L,1,-0.4318,-0.2122
V,82,M,1,1.643,0.379
V,82,N,2,2.251,0.4259
V,82,S,1,0.6462,0.2134
V,82,V,,0,0
I,83,C,1,-4,-2.828
I,83,E,1,-3.753,-2.73
I,83,I,,0,0
K,84,F,1,-3.795,-2.748
K,84,H,1,-0.5635,-0.2898
K,84,I,2,-0.3198,-0.1511
K,84,K,,0,0
K,84,L,3,-0.1163,-0.05106
K,84,T,1,-1.564,-1.066
K,84,V,1,-0.8078,-0.45
K,84,W,1,-1.355,-0.8806
D,85,C,1,-2.926,-2.253
D,85,D,,0,0
D,85,I,1,-0.09663,-0.04211
D,85,K,1,-10.22,-3.233
D,85,N,1,-1.08,-0.653
D,85,V,1,0.07909,0.0323
A,86,A,,0,0
A,86,C,2,-1.516,-1.022
A,86,G,1,-0.09959,-0.04345
A,86,K,1,-1.967,-1.437
A,86,M,1,-0.356,-0.1704
A,86,N,1,-0.7761,-0.4281
A,86,P,2,-14.19,-3.234
A,86,R,1,-0.5945,-0.3089
A,86,T,4,-1.486,-0.9958
A,86,V,2,1.393,0.3505
A,86,Y,1,-1.45,-0.9639
L,87,G,1,-6.129,-3.181
L,87,H,1,-6.299,-3.189
L,87,L,,0,0
Q,88,*,1,-3.315,-2.508
Q,88,H,1,2.864,0.4521
Q,88,I,1,1.607,0.3753
Q,88,K,1,-3.421,-2.567
Q,88,L,1,2.414,0.4344
Q,88,Q,,0,0
Q,88,S,1,0.7763,0.2442
Q,88,T,1,-1.342,-0.8693
Q,88,V,1,0.615,0.2055
Q,88,Y,1,4.411,0.4767
G,89,A,2,-0.2023,-0.09164
G,89,D,5,-0.7313,-0.3976
G,89,E,1,-1.931,-1.404
G,89,F,2,-0.8361,-0.47
G,89,G,,0,0
G,89,I,2,-1.025,-0.6095
G,89,V,2,-0.2157,-0.09817
G,89,W,1,-10.26,-3.233
I,90,C,1,-1.467,-0.979
I,90,D,1,-3.825,-2.761
I,90,I,,0,0
I,90,L,1,3.287,0.4628
I,90,Q,1,-2.781,-2.145
I,90,W,1,-2.234,-1.682
Q,91,A,1,3.408,0.4652
Q,91,D,1,-0.7711,-0.4246
Q,91,G,2,2.014,0.4107
Q,91,I,1,-0.4844,-0.2424
Q,91,L,2,1.774,0.3915
Q,91,M,2,1.023,0.2939
Q,91,Q,,0,0
Q,91,R,1,-0.08798,-0.03822
Q,91,V,1,-0.1482,-0.06582
Q,91,W,1,-6.05,-3.176
Q,92,D,1,1.195,0.3225
Q,92,E,1,0.5177,0.1794
Q,92,H,1,3.605,0.4684
Q,92,K,1,2.469,0.437
Q,92,M,2,-0.9975,-0.5888
Q,92,N,3,-0.07588,-0.03282
Q,92,Q,,0,0
Q,92,S,1,2.8,0.45
Q,92,V,1,0.1351,0.05404
Q,93,H,1,0.02627,0.01094
Q,93,M,1,0.8307,0.2561
Q,93,Q,,0,0
I,94,A,1,-6.205,-3.185
I,94,I,,0,0
I,94,M,1,1.651,0.3798
I,94,V,2,-0.515,-0.2605
K,95,A,2,-0.9182,-0.5293
K,95,C,1,-1.851,-1.329
K,95,H,1,-1.528,-1.033
K,95,I,1,-0.03328,-0.01417
K,95,K,,0,0
K,95,L,1,-2.403,-1.833
K,95,M,1,-0.6569,-0.3485
K,95,N,1,-1.198,-0.7484
G,96,C,1,-0.6732,-0.3591
G,96,E,1,-0.1987,-0.08988
G,96,G,,0,0
G,96,P,1,-1.497,-1.005
G,96,S,1,0.0602,0.02476
G,96,V,1,2.083,0.4155
G,96,W,1,-0.7929,-0.4397
L,97,L,,0,0
L,97,T,1,-3.52,-2.62
A,98,A,,0,0
A,98,C,1,2.807,0.4502
A,98,G,1,-0.5668,-0.2918
A,98,I,1,-0.4175,-0.2042
A,98,Q,1,-2.751,-2.121
A,98,R,1,-0.2897,-0.1354
A,98,T,2,1.334,0.3427
A,98,V,1,3.378,0.4646
D,99,D,,0,0
D,99,F,2,-1.289,-0.8237
D,99,N,1,-0.9249,-0.5343
D,99,S,2,-0.3163,-0.1492
D,99,T,1,-0.6027,-0.314
